{"type":"FeatureCollection","features":[{"type":"Feature","properties":{"village":"Data Not Available","taluka":"Mumbai Suburban","district":"Mumbai Suburban","lgd":"0","type":"Village"},"geometry":{"type":"Polygon","coordinates":[[[72.81046,19.0792],[72.81053,19.07904],[72.81044,19.07875],[72.81036,19.078],[72.8103,19.07784],[72.80994,19.07741],[72.80992,19.07697],[72.81003,19.07665],[72.81028,19.07621],[72.81033,19.07582],[72.81043,19.07554],[72.81065,19.07524],[72.81088,19.07514],[72.81097,19.07504],[72.811,19.07486],[72.81096,19.07467],[72.81083,19.07449],[72.81063,19.07433],[72.81011,19.07416],[72.80939,19.0741],[72.80859,19.0742],[72.80806,19.0745],[72.8078,19.07477],[72.80775,19.07492],[72.80774,19.07525],[72.80788,19.0758],[72.80808,19.07599],[72.80848,19.07593],[72.8086,19.07604],[72.80871,19.07623],[72.80876,19.07652],[72.80878,19.07727],[72.80902,19.07787],[72.80896,19.07866],[72.80902,19.07879],[72.80911,19.07882],[72.80919,19.07876],[72.80924,19.07844],[72.80929,19.07838],[72.8095,19.07839],[72.80972,19.07854],[72.81018,19.07909],[72.81036,19.0792],[72.81046,19.0792]]]}},{"type":"Feature","properties":{"village":"Ward No 100","taluka":"Mumbai Suburban","district":"Mumbai Suburban","lgd":"0","type":"Ward"},"geometry":{"type":"Polygon","coordinates":[[[72.82617,19.0741],[72.82696,19.0728],[72.82811,19.0713],[72.82827,19.07101],[72.82842,19.07054],[72.82897,19.07014],[72.82966,19.07],[72.82976,19.06992],[72.82989,19.06946],[72.83004,19.06846],[72.83087,19.06845],[72.83148,19.06838],[72.83289,19.06791],[72.83536,19.06749],[72.83654,19.06755],[72.83724,19.06766],[72.83737,19.06773],[72.83772,19.06779],[72.83822,19.06784],[72.83865,19.06795],[72.83902,19.06814],[72.83919,19.06827],[72.83927,19.06843],[72.83982,19.06994],[72.84027,19.06989],[72.83977,19.06624],[72.83966,19.06501],[72.83937,19.06355],[72.83928,19.06268],[72.83923,19.06035],[72.83934,19.05942],[72.83663,19.05942],[72.83533,19.0593],[72.83468,19.05929],[72.8306,19.05949],[72.82899,19.05952],[72.82883,19.05959],[72.82881,19.05971],[72.82874,19.06182],[72.82862,19.06225],[72.8284,19.06269],[72.82676,19.0629],[72.82617,19.0629],[72.82565,19.06284],[72.82535,19.06289],[72.82502,19.06307],[72.82463,19.06318],[72.82428,19.06318],[72.82357,19.06303],[72.82202,19.06285],[72.82214,19.06301],[72.82218,19.0632],[72.82219,19.06375],[72.82214,19.06396],[72.82206,19.06402],[72.82162,19.06405],[72.82129,19.06418],[72.82087,19.0645],[72.82079,19.06471],[72.82086,19.065],[72.82109,19.06527],[72.82139,19.06541],[72.82196,19.06549],[72.82209,19.06561],[72.82208,19.06578],[72.82142,19.0664],[72.82136,19.06649],[72.82132,19.06681],[72.82126,19.06689],[72.82066,19.06714],[72.82047,19.06741],[72.82049,19.06762],[72.82066,19.06783],[72.82118,19.06808],[72.82127,19.06851],[72.8214,19.06875],[72.82165,19.06895],[72.82208,19.06894],[72.82219,19.06913],[72.82219,19.06924],[72.8216,19.07025],[72.82162,19.07041],[72.82175,19.07073],[72.82176,19.07088],[72.82142,19.07242],[72.82143,19.07345],[72.82187,19.07344],[72.82201,19.07371],[72.82253,19.0743],[72.82334,19.07498],[72.82351,19.07506],[72.82423,19.07521],[72.82512,19.0752],[72.8259,19.07512],[72.82617,19.0741]]]}},{"type":"Feature","properties":{"village":"Ward No 101","taluka":"Mumbai Suburban","district":"Mumbai Suburban","lgd":"0","type":"Ward"},"geometry":{"type":"Polygon","coordinates":[[[72.82535,19.06289],[72.82565,19.06284],[72.82617,19.0629],[72.82676,19.0629],[72.8284,19.06269],[72.82862,19.06225],[72.82874,19.06182],[72.82881,19.05971],[72.82883,19.05959],[72.8289,19.05954],[72.83468,19.05929],[72.83533,19.0593],[72.83663,19.05942],[72.83934,19.05942],[72.83939,19.059],[72.83997,19.05675],[72.84063,19.05482],[72.83946,19.05426],[72.83796,19.05409],[72.83769,19.05415],[72.83629,19.05505],[72.83551,19.05586],[72.83522,19.05602],[72.83486,19.05606],[72.83081,19.05522],[72.83072,19.05377],[72.83006,19.0534],[72.8294,19.05324],[72.82902,19.05303],[72.82874,19.05298],[72.82871,19.05286],[72.82814,19.05292],[72.82781,19.05279],[72.82764,19.05263],[72.82731,19.05187],[72.82723,19.05154],[72.8273,19.05137],[72.82771,19.05119],[72.82812,19.05125],[72.82833,19.05121],[72.82849,19.05103],[72.82878,19.05039],[72.82869,19.0502],[72.82804,19.04987],[72.82756,19.04969],[72.82722,19.04945],[72.82679,19.04903],[72.82656,19.04872],[72.82639,19.04823],[72.82627,19.04765],[72.8263,19.04729],[72.82647,19.04686],[72.82711,19.0463],[72.82726,19.04589],[72.82721,19.04539],[72.82633,19.04359],[72.8264,19.04343],[72.82542,19.04279],[72.82484,19.04259],[72.82358,19.0423],[72.82344,19.04222],[72.8233,19.04209],[72.82315,19.04172],[72.82306,19.04127],[72.82287,19.0413],[72.8229,19.04152],[72.82277,19.04154],[72.82276,19.0413],[72.82257,19.0413],[72.82262,19.04056],[72.82252,19.04048],[72.8224,19.04047],[72.82234,19.0405],[72.82202,19.04117],[72.82199,19.04136],[72.82204,19.04158],[72.82166,19.04245],[72.82166,19.0427],[72.8214,19.04275],[72.82086,19.04238],[72.8201,19.04203],[72.81875,19.04187],[72.81809,19.0416],[72.81799,19.04173],[72.81794,19.0421],[72.81789,19.04215],[72.81779,19.04213],[72.81751,19.04184],[72.81743,19.04182],[72.81737,19.04187],[72.81752,19.04267],[72.81728,19.04302],[72.81721,19.04333],[72.81724,19.0437],[72.81736,19.04386],[72.8174,19.04406],[72.81763,19.04439],[72.81795,19.04456],[72.81803,19.04468],[72.81807,19.04482],[72.81829,19.04494],[72.81846,19.04516],[72.81864,19.04567],[72.8189,19.04614],[72.81894,19.04645],[72.81909,19.04687],[72.8193,19.04716],[72.81968,19.04821],[72.81999,19.04851],[72.82003,19.049],[72.82044,19.04963],[72.8206,19.04996],[72.82075,19.05048],[72.82129,19.05146],[72.82139,19.05205],[72.82133,19.054],[72.82152,19.05422],[72.82163,19.05452],[72.82179,19.05468],[72.82193,19.05471],[72.82213,19.05469],[72.82246,19.0543],[72.8232,19.05474],[72.82334,19.05488],[72.82343,19.05507],[72.82345,19.05532],[72.82322,19.0557],[72.82318,19.0561],[72.82283,19.05656],[72.82261,19.05662],[72.82225,19.0566],[72.82214,19.05657],[72.8217,19.05625],[72.82146,19.0562],[72.8211,19.05632],[72.82085,19.05659],[72.82078,19.05686],[72.8209,19.05709],[72.82088,19.05723],[72.8207,19.05732],[72.82031,19.05737],[72.82023,19.05743],[72.8202,19.05763],[72.82026,19.05778],[72.82033,19.05782],[72.82062,19.05791],[72.82089,19.05866],[72.82058,19.05884],[72.82046,19.0591],[72.82037,19.05919],[72.82004,19.05929],[72.82005,19.05939],[72.82022,19.05966],[72.82091,19.06009],[72.82096,19.06017],[72.82097,19.06063],[72.82108,19.06069],[72.82113,19.06106],[72.82148,19.06174],[72.82145,19.06198],[72.82135,19.06221],[72.82142,19.06234],[72.82194,19.06279],[72.82202,19.06285],[72.82357,19.06303],[72.82428,19.06318],[72.82476,19.06316],[72.82535,19.06289]]]}},{"type":"Feature","properties":{"village":"Ward No 127","taluka":"Mumbai Suburban","district":"Mumbai Suburban","lgd":"0","type":"Ward"},"geometry":{"type":"Polygon","coordinates":[[[72.91139,19.10389],[72.91167,19.10263],[72.91165,19.10126],[72.91126,19.10148],[72.90963,19.10105],[72.90933,19.10052],[72.90846,19.09954],[72.90788,19.09904],[72.90802,19.09444],[72.90938,19.0945],[72.90958,19.09443],[72.90984,19.09419],[72.91217,19.09265],[72.91172,19.09199],[72.91122,19.09209],[72.91001,19.09274],[72.90933,19.09269],[72.90906,19.09258],[72.90869,19.09235],[72.90849,19.09213],[72.90786,19.0912],[72.90669,19.09136],[72.90607,19.09128],[72.90525,19.09128],[72.9042,19.09161],[72.90348,19.09195],[72.90363,19.09278],[72.90391,19.09277],[72.90432,19.09294],[72.90463,19.09432],[72.90483,19.09463],[72.9054,19.09483],[72.90552,19.09507],[72.90624,19.09507],[72.90614,19.09636],[72.90582,19.09647],[72.90466,19.09672],[72.90477,19.09707],[72.90428,19.09765],[72.90454,19.09883],[72.90454,19.09933],[72.90466,19.10035],[72.90516,19.10156],[72.90644,19.1012],[72.90655,19.10151],[72.90723,19.10246],[72.90812,19.10338],[72.90868,19.1032],[72.90893,19.10319],[72.90965,19.10295],[72.90974,19.10307],[72.91025,19.10287],[72.91048,19.10326],[72.9107,19.10347],[72.91139,19.10389]]]}},{"type":"Feature","properties":{"village":"Ward No 125","taluka":"Mumbai Suburban","district":"Mumbai Suburban","lgd":"0","type":"Ward"},"geometry":{"type":"Polygon","coordinates":[[[72.94725,19.11005],[72.95135,19.10709],[72.95294,19.10609],[72.95341,19.10549],[72.95594,19.10303],[72.9583,19.10038],[72.96557,19.09309],[72.96553,19.0911],[72.96556,19.08818],[72.96537,19.08307],[72.96539,19.08039],[72.96547,19.07974],[72.96562,19.0791],[72.96566,19.07826],[72.96571,19.07622],[72.96565,19.07431],[72.96567,19.07352],[72.96577,19.07287],[72.96609,19.06929],[72.96628,19.06846],[72.96685,19.06656],[72.96022,19.06657],[72.95746,19.06685],[72.95623,19.06674],[72.95508,19.06648],[72.95396,19.066],[72.9524,19.06489],[72.95093,19.0636],[72.94944,19.06199],[72.9485,19.06081],[72.94799,19.06024],[72.94628,19.05908],[72.94548,19.05866],[72.94467,19.05843],[72.943,19.05817],[72.94199,19.05819],[72.94078,19.05845],[72.93991,19.05869],[72.93888,19.05941],[72.93769,19.06065],[72.93702,19.06186],[72.93624,19.06353],[72.9357,19.06556],[72.9352,19.06677],[72.93479,19.0683],[72.93432,19.0697],[72.9339,19.07037],[72.93336,19.07095],[72.93303,19.07145],[72.93287,19.07192],[72.93271,19.07276],[72.93255,19.07308],[72.93099,19.0744],[72.92955,19.07529],[72.92908,19.07553],[72.92872,19.07568],[72.92812,19.07573],[72.92652,19.07562],[72.92602,19.07551],[72.92554,19.07534],[72.92495,19.07502],[72.92445,19.07488],[72.92409,19.0749],[72.92378,19.07504],[72.92342,19.0751],[72.92284,19.0751],[72.92254,19.07502],[72.92233,19.07486],[72.92177,19.0739],[72.9211,19.07309],[72.92086,19.07286],[72.92019,19.07184],[72.91991,19.07089],[72.91988,19.07045],[72.91812,19.07052],[72.91728,19.07089],[72.91873,19.0731],[72.91903,19.07345],[72.91823,19.07405],[72.91803,19.07444],[72.91771,19.07535],[72.91668,19.07546],[72.91652,19.07536],[72.91629,19.07539],[72.91602,19.07532],[72.91563,19.0753],[72.91553,19.07533],[72.9151,19.07565],[72.91496,19.07586],[72.91459,19.07618],[72.91395,19.07661],[72.91397,19.07749],[72.9129,19.07794],[72.91148,19.07831],[72.91025,19.0787],[72.91142,19.08065],[72.91269,19.08214],[72.91445,19.08395],[72.91571,19.08293],[72.91666,19.08394],[72.91647,19.08432],[72.91691,19.0847],[72.91701,19.08505],[72.91747,19.08563],[72.91754,19.08597],[72.91753,19.08645],[72.91797,19.08693],[72.91788,19.08724],[72.91762,19.0877],[72.91758,19.08789],[72.91768,19.08826],[72.91813,19.0889],[72.91799,19.08921],[72.91793,19.08951],[72.91782,19.09017],[72.9178,19.0908],[72.91774,19.09111],[72.91755,19.09156],[72.91757,19.0919],[72.91766,19.09215],[72.91778,19.09232],[72.91817,19.09254],[72.91898,19.09272],[72.91904,19.09278],[72.91915,19.09315],[72.9192,19.09367],[72.91913,19.09415],[72.91892,19.09485],[72.92241,19.09839],[72.92475,19.1011],[72.9258,19.10266],[72.92674,19.10454],[72.92753,19.1065],[72.9286,19.11059],[72.93342,19.10889],[72.9341,19.11047],[72.93426,19.1106],[72.9347,19.11073],[72.93491,19.11088],[72.93611,19.1127],[72.93629,19.11289],[72.93668,19.11311],[72.93714,19.11327],[72.94038,19.1139],[72.94117,19.1143],[72.9416,19.11444],[72.94228,19.11453],[72.94257,19.11452],[72.94302,19.11438],[72.94338,19.11422],[72.94415,19.1137],[72.94436,19.11346],[72.94474,19.11276],[72.94628,19.11094],[72.94725,19.11005]]]}},{"type":"Feature","properties":{"village":"Ward No 126","taluka":"Mumbai Suburban","district":"Mumbai Suburban","lgd":"0","type":"Ward"},"geometry":{"type":"Polygon","coordinates":[[[72.91482,19.09939],[72.9165,19.09794],[72.91839,19.09994],[72.91869,19.10015],[72.91862,19.0989],[72.91879,19.09842],[72.91871,19.09685],[72.91859,19.09606],[72.91892,19.09485],[72.91807,19.09404],[72.91467,19.09049],[72.91429,19.09085],[72.91379,19.09119],[72.91263,19.0917],[72.91172,19.09199],[72.91217,19.09265],[72.90984,19.09419],[72.90958,19.09443],[72.90938,19.0945],[72.90802,19.09444],[72.90788,19.09904],[72.90846,19.09954],[72.90933,19.10052],[72.90963,19.10105],[72.91126,19.10148],[72.91388,19.10005],[72.91482,19.09939]]]}},{"type":"Feature","properties":{"village":"Ward No 128","taluka":"Mumbai Suburban","district":"Mumbai Suburban","lgd":"0","type":"Ward"},"geometry":{"type":"Polygon","coordinates":[[[72.90614,19.09636],[72.90624,19.09507],[72.90552,19.09507],[72.9054,19.09483],[72.90483,19.09463],[72.9047,19.09449],[72.90463,19.09432],[72.90432,19.09294],[72.90391,19.09277],[72.90363,19.09278],[72.90348,19.09195],[72.9042,19.09161],[72.90525,19.09128],[72.90607,19.09128],[72.90669,19.09136],[72.90786,19.0912],[72.90785,19.08986],[72.90787,19.08959],[72.90798,19.08922],[72.90621,19.08815],[72.90588,19.08802],[72.90543,19.08789],[72.90254,19.08739],[72.9027,19.09073],[72.90264,19.09086],[72.90203,19.09139],[72.90189,19.09162],[72.90176,19.09218],[72.90153,19.09248],[72.90097,19.09285],[72.90045,19.09308],[72.89899,19.09361],[72.89918,19.09434],[72.89908,19.09491],[72.89907,19.09596],[72.89916,19.09621],[72.89941,19.0966],[72.89962,19.0974],[72.90091,19.0998],[72.90164,19.10076],[72.90291,19.10154],[72.90367,19.10172],[72.90414,19.10195],[72.90594,19.10425],[72.90516,19.10156],[72.90466,19.10035],[72.90454,19.09933],[72.90454,19.09883],[72.90428,19.09765],[72.90477,19.09707],[72.90466,19.09672],[72.90582,19.09647],[72.90614,19.09636]]]}},{"type":"Feature","properties":{"village":"Ward No 129","taluka":"Mumbai Suburban","district":"Mumbai Suburban","lgd":"0","type":"Ward"},"geometry":{"type":"Polygon","coordinates":[[[72.90176,19.09218],[72.90189,19.09162],[72.90203,19.09139],[72.90264,19.09086],[72.9027,19.09073],[72.90254,19.08739],[72.89976,19.08693],[72.8961,19.08607],[72.89454,19.0856],[72.8944,19.08615],[72.89435,19.08666],[72.89445,19.08721],[72.89482,19.08834],[72.89524,19.08917],[72.89554,19.08963],[72.89541,19.09051],[72.89536,19.09126],[72.89526,19.0917],[72.89551,19.0918],[72.89562,19.09199],[72.89578,19.09209],[72.89605,19.09218],[72.89631,19.09219],[72.89674,19.0921],[72.89707,19.09212],[72.8972,19.0922],[72.89729,19.09242],[72.89747,19.09256],[72.89785,19.09247],[72.89825,19.09216],[72.89851,19.09212],[72.89877,19.09238],[72.89893,19.09286],[72.89899,19.09361],[72.89955,19.09344],[72.90097,19.09285],[72.90153,19.09248],[72.90176,19.09218]]]}},{"type":"Feature","properties":{"village":"Ward No 130","taluka":"Mumbai Suburban","district":"Mumbai Suburban","lgd":"0","type":"Ward"},"geometry":{"type":"Polygon","coordinates":[[[72.90107,19.08174],[72.89228,19.0757],[72.89295,19.07907],[72.89196,19.08124],[72.89324,19.08163],[72.89314,19.08216],[72.89361,19.08277],[72.89309,19.08512],[72.8961,19.08607],[72.89721,19.08634],[72.89976,19.08693],[72.90543,19.08789],[72.90621,19.08815],[72.90798,19.08922],[72.90787,19.08959],[72.90785,19.08986],[72.90786,19.0912],[72.90849,19.09213],[72.90869,19.09235],[72.90906,19.09258],[72.90933,19.09269],[72.91001,19.09274],[72.91122,19.09209],[72.91172,19.09199],[72.91263,19.0917],[72.91379,19.09119],[72.91429,19.09085],[72.91467,19.09049],[72.91391,19.08966],[72.91315,19.08894],[72.90961,19.08611],[72.90876,19.08553],[72.90598,19.08402],[72.9043,19.08337],[72.90241,19.08249],[72.90107,19.08174]]]}},{"type":"Feature","properties":{"village":"Ward No 131","taluka":"Mumbai Suburban","district":"Mumbai Suburban","lgd":"0","type":"Ward"},"geometry":{"type":"Polygon","coordinates":[[[72.91647,19.08432],[72.91666,19.08394],[72.91571,19.08293],[72.91445,19.08395],[72.91425,19.08379],[72.91269,19.08214],[72.91142,19.08065],[72.91025,19.0787],[72.90724,19.07965],[72.90407,19.08055],[72.90428,19.08137],[72.90505,19.08364],[72.90598,19.08402],[72.90876,19.08553],[72.90961,19.08611],[72.91069,19.08699],[72.91196,19.08795],[72.91315,19.08894],[72.91391,19.08966],[72.91807,19.09404],[72.91892,19.09485],[72.91913,19.09415],[72.9192,19.09367],[72.91909,19.09288],[72.91898,19.09272],[72.91838,19.09261],[72.91778,19.09232],[72.91766,19.09215],[72.91754,19.0917],[72.91755,19.09156],[72.91772,19.09121],[72.9178,19.0908],[72.91782,19.09017],[72.91799,19.08921],[72.91813,19.0889],[72.91768,19.08826],[72.91758,19.08789],[72.91762,19.0877],[72.91788,19.08724],[72.91797,19.08693],[72.91753,19.08645],[72.91754,19.08597],[72.91747,19.08563],[72.91701,19.08505],[72.91691,19.0847],[72.91647,19.08432]]]}},{"type":"Feature","properties":{"village":"Ward No 132","taluka":"Mumbai Suburban","district":"Mumbai Suburban","lgd":"0","type":"Ward"},"geometry":{"type":"Polygon","coordinates":[[[72.9127,19.07439],[72.91045,19.07267],[72.90825,19.0711],[72.90763,19.07188],[72.90749,19.07193],[72.90722,19.07196],[72.90606,19.07167],[72.90573,19.07163],[72.90556,19.07166],[72.90436,19.07273],[72.90385,19.07297],[72.90341,19.07343],[72.903,19.07402],[72.90281,19.07402],[72.90272,19.07393],[72.90211,19.07273],[72.90168,19.07295],[72.90012,19.07216],[72.89932,19.07189],[72.89883,19.07189],[72.89863,19.07215],[72.89834,19.07235],[72.89804,19.07235],[72.89787,19.07233],[72.8973,19.0721],[72.89663,19.07196],[72.89624,19.07178],[72.89533,19.07106],[72.89496,19.07084],[72.89288,19.06801],[72.89072,19.06789],[72.89228,19.0757],[72.90107,19.08174],[72.90241,19.08249],[72.9043,19.08337],[72.90505,19.08364],[72.90428,19.08137],[72.90407,19.08055],[72.90724,19.07965],[72.91148,19.07831],[72.9129,19.07794],[72.91397,19.07749],[72.91395,19.07661],[72.91459,19.07618],[72.9135,19.07506],[72.9127,19.07439]]]}},{"type":"Feature","properties":{"village":"Ward No 133","taluka":"Mumbai Suburban","district":"Mumbai Suburban","lgd":"0","type":"Ward"},"geometry":{"type":"Polygon","coordinates":[[[72.91553,19.07533],[72.91563,19.0753],[72.91602,19.07532],[72.91629,19.07539],[72.91652,19.07536],[72.91668,19.07546],[72.91771,19.07535],[72.91803,19.07444],[72.91823,19.07405],[72.91903,19.07345],[72.91873,19.0731],[72.91728,19.07089],[72.91812,19.07052],[72.91988,19.07045],[72.91976,19.06985],[72.9196,19.06945],[72.91941,19.06842],[72.91927,19.06813],[72.91859,19.06762],[72.91831,19.06727],[72.91773,19.06692],[72.91708,19.06679],[72.91624,19.0664],[72.91521,19.06618],[72.91421,19.06562],[72.91262,19.06513],[72.91153,19.06612],[72.91115,19.06658],[72.91067,19.06753],[72.91053,19.06804],[72.91046,19.06853],[72.91044,19.06899],[72.91052,19.06975],[72.91052,19.06999],[72.91041,19.07023],[72.91006,19.07047],[72.90973,19.07049],[72.909,19.07042],[72.90886,19.07046],[72.90854,19.07072],[72.90825,19.0711],[72.91045,19.07267],[72.9127,19.07439],[72.9135,19.07506],[72.91459,19.07618],[72.91496,19.07586],[72.9151,19.07565],[72.91553,19.07533]]]}},{"type":"Feature","properties":{"village":"Ward No 134","taluka":"Mumbai Suburban","district":"Mumbai Suburban","lgd":"0","type":"Ward"},"geometry":{"type":"Polygon","coordinates":[[[72.92872,19.07568],[72.92955,19.07529],[72.93099,19.0744],[72.93255,19.07308],[72.93271,19.07276],[72.93287,19.07192],[72.93303,19.07145],[72.93336,19.07095],[72.9339,19.07037],[72.93432,19.0697],[72.93479,19.0683],[72.9352,19.06677],[72.9357,19.06556],[72.93624,19.06353],[72.93702,19.06186],[72.93769,19.06065],[72.93888,19.05941],[72.93908,19.05927],[72.93647,19.0591],[72.93518,19.05909],[72.93435,19.05921],[72.93361,19.05972],[72.93334,19.05972],[72.93307,19.05956],[72.93196,19.05852],[72.93077,19.05993],[72.92944,19.05991],[72.92858,19.05982],[72.92717,19.06004],[72.92717,19.06063],[72.92931,19.06566],[72.9274,19.06649],[72.92585,19.06729],[72.92517,19.0677],[72.92351,19.06832],[72.9215,19.06899],[72.92124,19.06833],[72.92086,19.06838],[72.92029,19.06792],[72.92006,19.06781],[72.91992,19.06778],[72.91979,19.06782],[72.9193,19.06818],[72.91946,19.0686],[72.9196,19.06945],[72.91983,19.07014],[72.91991,19.07089],[72.92019,19.07184],[72.92086,19.07286],[72.9211,19.07309],[72.92177,19.0739],[72.92233,19.07486],[72.92254,19.07502],[72.92284,19.0751],[72.92342,19.0751],[72.92378,19.07504],[72.92409,19.0749],[72.92445,19.07488],[72.92495,19.07502],[72.92554,19.07534],[72.92602,19.07551],[72.92652,19.07562],[72.92812,19.07573],[72.92872,19.07568]]]}},{"type":"Feature","properties":{"village":"Ward No 135","taluka":"Mumbai Suburban","district":"Mumbai Suburban","lgd":"0","type":"Ward"},"geometry":{"type":"Polygon","coordinates":[[[72.95665,19.05856],[72.95243,19.057],[72.93358,19.05027],[72.93288,19.05253],[72.93143,19.05214],[72.93128,19.05248],[72.93145,19.05335],[72.93163,19.05399],[72.9324,19.05618],[72.93175,19.0564],[72.93096,19.05657],[72.92939,19.05675],[72.92954,19.05695],[72.92965,19.05701],[72.93031,19.05721],[72.93196,19.05852],[72.93307,19.05956],[72.93334,19.05972],[72.93361,19.05972],[72.93435,19.05921],[72.93518,19.05909],[72.93647,19.0591],[72.93908,19.05927],[72.93991,19.05869],[72.94078,19.05845],[72.94199,19.05819],[72.943,19.05817],[72.94467,19.05843],[72.94548,19.05866],[72.94628,19.05908],[72.94799,19.06024],[72.9485,19.06081],[72.94944,19.06199],[72.95093,19.0636],[72.9524,19.06489],[72.95396,19.066],[72.95508,19.06648],[72.95623,19.06674],[72.95746,19.06685],[72.96022,19.06657],[72.96685,19.06656],[72.9675,19.06459],[72.96851,19.06183],[72.96645,19.06119],[72.95943,19.05942],[72.95665,19.05856]]]}},{"type":"Feature","properties":{"village":"Ward No 136","taluka":"Mumbai Suburban","district":"Mumbai Suburban","lgd":"0","type":"Ward"},"geometry":{"type":"Polygon","coordinates":[[[72.92931,19.06566],[72.92717,19.06063],[72.92717,19.06004],[72.92858,19.05982],[72.92944,19.05991],[72.93077,19.05993],[72.93196,19.05852],[72.93031,19.05721],[72.92965,19.05701],[72.92954,19.05695],[72.92939,19.05675],[72.92898,19.0568],[72.92853,19.05693],[72.92407,19.05923],[72.92416,19.05931],[72.92441,19.05983],[72.92468,19.06017],[72.92647,19.06461],[72.9267,19.06459],[72.92713,19.06478],[72.92728,19.06491],[72.92755,19.06548],[72.92871,19.06592],[72.92931,19.06566]]]}},{"type":"Feature","properties":{"village":"Ward No 137","taluka":"Mumbai Suburban","district":"Mumbai Suburban","lgd":"0","type":"Ward"},"geometry":{"type":"Polygon","coordinates":[[[72.92502,19.06775],[72.92585,19.06729],[72.9274,19.06649],[72.92871,19.06592],[72.92755,19.06548],[72.92728,19.06491],[72.92713,19.06478],[72.9267,19.06459],[72.92647,19.06461],[72.92468,19.06017],[72.92441,19.05983],[72.92416,19.05931],[72.92407,19.05923],[72.92216,19.06022],[72.92258,19.06107],[72.92125,19.06168],[72.92278,19.06465],[72.9234,19.06438],[72.92481,19.06709],[72.92502,19.06775]]]}},{"type":"Feature","properties":{"village":"Ward No 138","taluka":"Mumbai Suburban","district":"Mumbai Suburban","lgd":"0","type":"Ward"},"geometry":{"type":"Polygon","coordinates":[[[72.92351,19.06832],[72.92502,19.06775],[72.92481,19.06709],[72.9234,19.06438],[72.92278,19.06465],[72.92125,19.06168],[72.92258,19.06107],[72.92216,19.06022],[72.92062,19.06101],[72.91933,19.0616],[72.91804,19.06213],[72.92093,19.06763],[72.9215,19.06899],[72.92351,19.06832]]]}},{"type":"Feature","properties":{"village":"Ward No 139","taluka":"Mumbai Suburban","district":"Mumbai Suburban","lgd":"0","type":"Ward"},"geometry":{"type":"Polygon","coordinates":[[[72.92124,19.06833],[72.92033,19.06644],[72.91804,19.06213],[72.9176,19.06231],[72.91717,19.06136],[72.91699,19.06113],[72.91669,19.06092],[72.91656,19.06088],[72.91578,19.06087],[72.91196,19.06049],[72.91212,19.05832],[72.91244,19.0575],[72.9123,19.05729],[72.90771,19.05977],[72.9077,19.06037],[72.90777,19.0607],[72.90879,19.062],[72.90937,19.06254],[72.9096,19.06285],[72.90979,19.06323],[72.90997,19.06408],[72.91022,19.06449],[72.91039,19.06454],[72.9108,19.06431],[72.91107,19.06433],[72.91132,19.06446],[72.91165,19.06474],[72.91265,19.06514],[72.91421,19.06562],[72.91521,19.06618],[72.91624,19.0664],[72.91708,19.06679],[72.91773,19.06692],[72.91815,19.06714],[72.91831,19.06727],[72.91859,19.06762],[72.9193,19.06818],[72.91979,19.06782],[72.91992,19.06778],[72.92029,19.06792],[72.92086,19.06838],[72.92124,19.06833]]]}},{"type":"Feature","properties":{"village":"Ward No 140","taluka":"Mumbai Suburban","district":"Mumbai Suburban","lgd":"0","type":"Ward"},"geometry":{"type":"Polygon","coordinates":[[[72.9176,19.06231],[72.91933,19.0616],[72.92062,19.06101],[72.92407,19.05923],[72.9236,19.05873],[72.92322,19.05817],[72.92191,19.05581],[72.92354,19.05498],[72.92363,19.05462],[72.92293,19.05343],[72.92229,19.05251],[72.9217,19.05171],[72.92141,19.05143],[72.9123,19.05729],[72.91244,19.0575],[72.91212,19.05832],[72.91196,19.06049],[72.91578,19.06087],[72.91664,19.06089],[72.91709,19.06123],[72.9176,19.06231]]]}},{"type":"Feature","properties":{"village":"Ward No 141","taluka":"Mumbai Suburban","district":"Mumbai Suburban","lgd":"0","type":"Ward"},"geometry":{"type":"Polygon","coordinates":[[[72.93185,19.05467],[72.93135,19.0529],[72.93128,19.05248],[72.93143,19.05214],[72.92913,19.05155],[72.92829,19.0519],[72.92835,19.05222],[72.92858,19.05286],[72.92896,19.0536],[72.9262,19.05401],[72.92596,19.05252],[72.92576,19.05185],[72.92539,19.05191],[72.92515,19.0514],[72.92454,19.04963],[72.92395,19.0499],[72.92267,19.05061],[72.92141,19.05143],[72.9217,19.05171],[72.92229,19.05251],[72.92293,19.05343],[72.92363,19.05462],[72.92354,19.05498],[72.92191,19.05581],[72.92322,19.05817],[72.9236,19.05873],[72.92407,19.05923],[72.92853,19.05693],[72.92898,19.0568],[72.93096,19.05657],[72.93175,19.0564],[72.9324,19.05618],[72.93185,19.05467]]]}},{"type":"Feature","properties":{"village":"Ward No 142","taluka":"Mumbai Suburban","district":"Mumbai Suburban","lgd":"0","type":"Ward"},"geometry":{"type":"Polygon","coordinates":[[[72.92829,19.0519],[72.92913,19.05155],[72.93288,19.05253],[72.93358,19.05027],[72.92938,19.0487],[72.92857,19.04818],[72.92509,19.04938],[72.92454,19.04963],[72.92515,19.0514],[72.92539,19.05191],[72.92576,19.05185],[72.92596,19.05252],[72.9262,19.05401],[72.92896,19.0536],[72.92858,19.05286],[72.92835,19.05222],[72.92829,19.0519]]]}},{"type":"Feature","properties":{"village":"Ward No 143","taluka":"Mumbai Suburban","district":"Mumbai Suburban","lgd":"0","type":"Ward"},"geometry":{"type":"Polygon","coordinates":[[[72.96243,19.05135],[72.96234,19.04557],[72.96223,19.04206],[72.96177,19.03907],[72.96094,19.03616],[72.9605,19.03547],[72.95964,19.03439],[72.95913,19.03319],[72.95832,19.03174],[72.9578,19.03047],[72.9577,19.0296],[72.95707,19.02801],[72.95674,19.02825],[72.95358,19.03187],[72.95205,19.03418],[72.95108,19.03623],[72.95049,19.03622],[72.95035,19.03733],[72.94901,19.03936],[72.94934,19.03961],[72.949,19.0401],[72.94881,19.04048],[72.94772,19.03985],[72.94703,19.04086],[72.94672,19.041],[72.9466,19.04099],[72.94653,19.0409],[72.94645,19.04059],[72.94639,19.03996],[72.94459,19.03882],[72.94425,19.03924],[72.9439,19.03958],[72.94347,19.03983],[72.94312,19.03997],[72.94477,19.04314],[72.94405,19.04352],[72.94402,19.04371],[72.94412,19.04424],[72.94405,19.04438],[72.94203,19.04506],[72.93831,19.04592],[72.93796,19.04619],[72.93769,19.04654],[72.93766,19.0467],[72.93769,19.04749],[72.93765,19.04786],[72.93642,19.04909],[72.93621,19.04921],[72.93576,19.04929],[72.93444,19.04924],[72.93369,19.04915],[72.93319,19.05014],[72.95243,19.057],[72.95665,19.05856],[72.95943,19.05942],[72.96645,19.06119],[72.96851,19.06183],[72.96957,19.05931],[72.96196,19.05691],[72.96203,19.05552],[72.96217,19.05418],[72.96222,19.05272],[72.96243,19.05135]]]}},{"type":"Feature","properties":{"village":"Ward No 144","taluka":"Mumbai Suburban","district":"Mumbai Suburban","lgd":"0","type":"Ward"},"geometry":{"type":"Polygon","coordinates":[[[72.92509,19.04938],[72.92857,19.04818],[72.92938,19.0487],[72.93319,19.05014],[72.93369,19.04915],[72.93444,19.04924],[72.93576,19.04929],[72.93621,19.04921],[72.93642,19.04909],[72.93765,19.04786],[72.93769,19.04749],[72.93766,19.0467],[72.93769,19.04654],[72.93779,19.04638],[72.93815,19.04601],[72.93831,19.04592],[72.94203,19.04506],[72.94405,19.04438],[72.94412,19.04424],[72.94402,19.04371],[72.94405,19.04352],[72.94477,19.04314],[72.94312,19.03997],[72.94254,19.0402],[72.94094,19.0407],[72.94033,19.0408],[72.93977,19.03932],[72.93964,19.03865],[72.93837,19.03819],[72.93762,19.03951],[72.93672,19.03953],[72.93594,19.03969],[72.93534,19.03963],[72.93502,19.03727],[72.93608,19.03511],[72.93346,19.0333],[72.92985,19.03068],[72.9294,19.03042],[72.92907,19.03033],[72.92845,19.03024],[72.92782,19.03026],[72.92742,19.03043],[72.92711,19.03052],[72.92698,19.0304],[72.92552,19.02946],[72.92517,19.02929],[72.92476,19.03195],[72.92449,19.0333],[72.92479,19.03828],[72.92516,19.04307],[72.92226,19.04335],[72.91891,19.04425],[72.91707,19.04488],[72.91603,19.04517],[72.91491,19.0454],[72.91384,19.04554],[72.90896,19.04568],[72.90935,19.04672],[72.91028,19.04999],[72.91041,19.05065],[72.91063,19.05301],[72.911,19.05518],[72.91116,19.05558],[72.91135,19.05592],[72.9123,19.05729],[72.92267,19.05061],[72.92395,19.0499],[72.92509,19.04938]]]}},{"type":"Feature","properties":{"village":"Ward No 145","taluka":"Mumbai Suburban","district":"Mumbai Suburban","lgd":"0","type":"Ward"},"geometry":{"type":"Polygon","coordinates":[[[72.94703,19.04086],[72.94772,19.03985],[72.94881,19.04048],[72.949,19.0401],[72.94934,19.03961],[72.94901,19.03936],[72.95035,19.03733],[72.95049,19.03622],[72.95108,19.03623],[72.95205,19.03418],[72.95358,19.03187],[72.95674,19.02825],[72.95707,19.02801],[72.95642,19.02708],[72.95429,19.02506],[72.95303,19.02403],[72.9519,19.02344],[72.95114,19.02296],[72.94993,19.02198],[72.94878,19.02094],[72.94827,19.02062],[72.9476,19.02053],[72.94575,19.01897],[72.9445,19.01815],[72.94371,19.01754],[72.94335,19.01704],[72.94282,19.01661],[72.94189,19.01641],[72.94139,19.01621],[72.9405,19.01485],[72.94031,19.01469],[72.9398,19.01474],[72.93911,19.01471],[72.93832,19.01352],[72.93562,19.01189],[72.93101,19.02201],[72.92946,19.02321],[72.92849,19.02489],[72.92557,19.02374],[72.92568,19.02511],[72.92565,19.0256],[72.92534,19.02702],[72.92527,19.02857],[72.92517,19.02929],[72.92552,19.02946],[72.92698,19.0304],[72.92711,19.03052],[72.92742,19.03043],[72.92782,19.03026],[72.92845,19.03024],[72.92907,19.03033],[72.9294,19.03042],[72.92985,19.03068],[72.93346,19.0333],[72.93608,19.03511],[72.93502,19.03727],[72.93534,19.03963],[72.93594,19.03969],[72.93672,19.03953],[72.93762,19.03951],[72.93837,19.03819],[72.93964,19.03865],[72.93977,19.03932],[72.94033,19.0408],[72.94094,19.0407],[72.94254,19.0402],[72.94347,19.03983],[72.9439,19.03958],[72.94425,19.03924],[72.94459,19.03882],[72.94639,19.03996],[72.94645,19.04059],[72.94656,19.04097],[72.94672,19.041],[72.94703,19.04086]]]}},{"type":"Feature","properties":{"village":"Ward No 146","taluka":"Mumbai Suburban","district":"Mumbai Suburban","lgd":"0","type":"Ward"},"geometry":{"type":"Polygon","coordinates":[[[72.89992,19.04605],[72.90386,19.04561],[72.90532,19.04567],[72.90836,19.04569],[72.91219,19.04562],[72.91384,19.04554],[72.91491,19.0454],[72.91603,19.04517],[72.91707,19.04488],[72.91891,19.04425],[72.92226,19.04335],[72.92516,19.04307],[72.92479,19.03828],[72.92449,19.0333],[72.92476,19.03195],[72.92525,19.0289],[72.92534,19.02702],[72.92565,19.0256],[72.92568,19.02511],[72.92557,19.02374],[72.92849,19.02489],[72.92946,19.02321],[72.93101,19.02201],[72.93562,19.01189],[72.93182,19.00933],[72.92927,19.00743],[72.92724,19.00612],[72.92546,19.00481],[72.92425,19.00371],[72.92349,19.00315],[72.92303,19.00292],[72.92266,19.00313],[72.9224,19.00304],[72.92194,19.00248],[72.92188,19.00225],[72.92176,19.00212],[72.9212,19.00179],[72.92052,19.00098],[72.91988,19.00031],[72.91932,18.99989],[72.91738,18.9989],[72.91726,18.9988],[72.91707,18.99872],[72.91655,18.99865],[72.91632,18.99851],[72.91608,18.99844],[72.91576,18.99846],[72.91565,18.99843],[72.91555,18.99831],[72.91519,18.99857],[72.91417,18.99906],[72.9131,18.9989],[72.91004,18.99779],[72.90911,18.99775],[72.90887,18.99779],[72.9082,18.99805],[72.90777,18.99815],[72.9065,18.99817],[72.90624,18.99807],[72.90599,18.99784],[72.90645,18.99714],[72.9064,18.9971],[72.90506,18.99901],[72.90529,19.00329],[72.90765,19.00382],[72.90842,19.00617],[72.90851,19.00679],[72.90827,19.00767],[72.90811,19.0079],[72.90771,19.00829],[72.90765,19.00852],[72.90771,19.00866],[72.90818,19.00907],[72.9083,19.00923],[72.90879,19.01067],[72.90877,19.0109],[72.90849,19.01151],[72.90841,19.01198],[72.90843,19.01281],[72.90853,19.01352],[72.90869,19.01408],[72.90895,19.01461],[72.9099,19.01565],[72.91067,19.01631],[72.91084,19.01657],[72.91109,19.01731],[72.91121,19.01811],[72.91103,19.01906],[72.91095,19.02036],[72.91098,19.02115],[72.9111,19.02184],[72.91123,19.02226],[72.91124,19.02261],[72.91116,19.02281],[72.91054,19.02303],[72.90923,19.02306],[72.9091,19.02309],[72.90901,19.02317],[72.90897,19.02334],[72.90904,19.0239],[72.90902,19.02453],[72.90932,19.02588],[72.90933,19.02628],[72.90923,19.02657],[72.90844,19.02749],[72.90829,19.02776],[72.90818,19.02823],[72.90816,19.02936],[72.9083,19.03016],[72.90837,19.03195],[72.9085,19.03265],[72.90898,19.03321],[72.90928,19.03377],[72.9093,19.03398],[72.9091,19.03452],[72.90925,19.03502],[72.9095,19.03652],[72.90958,19.03682],[72.90978,19.0372],[72.90983,19.03755],[72.90937,19.03757],[72.90888,19.03751],[72.90863,19.03687],[72.90819,19.03672],[72.90814,19.03651],[72.90796,19.03616],[72.90764,19.0361],[72.90739,19.03581],[72.90705,19.03577],[72.90647,19.03561],[72.90423,19.03462],[72.90414,19.03511],[72.90433,19.03558],[72.90417,19.03564],[72.90472,19.03681],[72.90434,19.03768],[72.90435,19.03798],[72.90497,19.03943],[72.90486,19.04018],[72.90356,19.04018],[72.90375,19.04269],[72.89981,19.0429],[72.89983,19.04342],[72.89975,19.04379],[72.89906,19.04499],[72.89888,19.04599],[72.89954,19.04607],[72.89992,19.04605]]]}},{"type":"Feature","properties":{"village":"Ward No 147","taluka":"Mumbai Suburban","district":"Mumbai Suburban","lgd":"0","type":"Ward"},"geometry":{"type":"Polygon","coordinates":[[[72.89906,19.04499],[72.89975,19.04379],[72.89983,19.04342],[72.89981,19.0429],[72.90375,19.04269],[72.90356,19.04018],[72.90486,19.04018],[72.90497,19.03943],[72.90435,19.03798],[72.90433,19.0378],[72.90434,19.03768],[72.90472,19.03681],[72.90417,19.03564],[72.90433,19.03558],[72.90414,19.03511],[72.90423,19.03462],[72.90447,19.03412],[72.90456,19.03332],[72.90454,19.03124],[72.90254,19.03103],[72.90051,19.03095],[72.89692,19.03096],[72.89672,19.0316],[72.89651,19.03258],[72.89522,19.03626],[72.89481,19.03934],[72.89467,19.03976],[72.89389,19.0411],[72.89376,19.04142],[72.89357,19.04204],[72.89352,19.04267],[72.89434,19.04291],[72.89498,19.04288],[72.89518,19.04293],[72.89553,19.04326],[72.89582,19.04341],[72.89644,19.04358],[72.89653,19.04377],[72.89677,19.04391],[72.89753,19.04413],[72.89868,19.04458],[72.89881,19.04469],[72.89896,19.04497],[72.89906,19.04499]]]}},{"type":"Feature","properties":{"village":"Ward No 148","taluka":"Mumbai Suburban","district":"Mumbai Suburban","lgd":"0","type":"Ward"},"geometry":{"type":"Polygon","coordinates":[[[72.90983,19.03755],[72.90978,19.0372],[72.90958,19.03682],[72.9095,19.03652],[72.90925,19.03502],[72.9091,19.03452],[72.9093,19.03398],[72.90928,19.03377],[72.90898,19.03321],[72.9085,19.03265],[72.90837,19.03195],[72.9083,19.03016],[72.90816,19.02936],[72.90818,19.02823],[72.90829,19.02776],[72.90844,19.02749],[72.90923,19.02657],[72.90933,19.02628],[72.90932,19.02588],[72.90902,19.02453],[72.90904,19.0239],[72.90897,19.02334],[72.90901,19.02317],[72.9091,19.02309],[72.90923,19.02306],[72.91054,19.02303],[72.91106,19.02286],[72.91121,19.02273],[72.91123,19.02226],[72.9111,19.02184],[72.91098,19.02115],[72.91095,19.02036],[72.91103,19.01906],[72.91121,19.01811],[72.91119,19.01782],[72.91109,19.01731],[72.91084,19.01657],[72.91067,19.01631],[72.9099,19.01565],[72.90895,19.01461],[72.90869,19.01408],[72.90853,19.01352],[72.90843,19.01281],[72.90841,19.01198],[72.90849,19.01151],[72.90877,19.0109],[72.90879,19.01067],[72.9083,19.00923],[72.90818,19.00907],[72.90771,19.00866],[72.90765,19.00852],[72.90771,19.00829],[72.90811,19.0079],[72.90827,19.00767],[72.90851,19.00679],[72.90842,19.00617],[72.90765,19.00382],[72.90529,19.00329],[72.90534,19.00417],[72.90567,19.00686],[72.90142,19.0079],[72.89924,19.00907],[72.89891,19.00933],[72.8987,19.00969],[72.8986,19.01001],[72.89847,19.01279],[72.89754,19.02787],[72.89739,19.0285],[72.8971,19.02921],[72.89697,19.02974],[72.89697,19.03076],[72.89692,19.03096],[72.90051,19.03095],[72.90254,19.03103],[72.90454,19.03124],[72.90456,19.03332],[72.90447,19.03412],[72.90423,19.03462],[72.90647,19.03561],[72.90705,19.03577],[72.90739,19.03581],[72.90764,19.0361],[72.90796,19.03616],[72.90814,19.03651],[72.90819,19.03672],[72.90863,19.03687],[72.90888,19.03751],[72.90937,19.03757],[72.90983,19.03755]]]}},{"type":"Feature","properties":{"village":"Ward No 149","taluka":"Mumbai Suburban","district":"Mumbai Suburban","lgd":"0","type":"Ward"},"geometry":{"type":"Polygon","coordinates":[[[72.90427,19.07276],[72.90469,19.07246],[72.90556,19.07166],[72.90573,19.07163],[72.90606,19.07167],[72.90722,19.07196],[72.90749,19.07193],[72.90763,19.07188],[72.90854,19.07072],[72.90879,19.07049],[72.909,19.07042],[72.90988,19.07049],[72.91006,19.07047],[72.9103,19.07034],[72.91048,19.07012],[72.91052,19.06999],[72.91044,19.06899],[72.91046,19.06853],[72.91053,19.06804],[72.91067,19.06753],[72.91115,19.06658],[72.91153,19.06612],[72.91262,19.06513],[72.91165,19.06474],[72.91132,19.06446],[72.91107,19.06433],[72.9108,19.06431],[72.91045,19.06452],[72.91028,19.06452],[72.91007,19.06429],[72.90989,19.06384],[72.90644,19.06493],[72.90541,19.06507],[72.9039,19.0651],[72.90389,19.06428],[72.90289,19.06443],[72.90263,19.06466],[72.90226,19.06481],[72.90222,19.06492],[72.90222,19.06548],[72.90192,19.06557],[72.90153,19.06545],[72.90105,19.06551],[72.90012,19.06548],[72.89971,19.06552],[72.8991,19.06548],[72.89852,19.06519],[72.89752,19.06444],[72.89649,19.06475],[72.89133,19.06613],[72.89288,19.06801],[72.89496,19.07084],[72.89533,19.07106],[72.89624,19.07178],[72.89663,19.07196],[72.8973,19.0721],[72.89787,19.07233],[72.89804,19.07235],[72.89834,19.07235],[72.89863,19.07215],[72.89883,19.07189],[72.89932,19.07189],[72.90012,19.07216],[72.90168,19.07295],[72.90211,19.07273],[72.90272,19.07393],[72.90281,19.07402],[72.90294,19.07404],[72.90309,19.07394],[72.90341,19.07343],[72.90385,19.07297],[72.90427,19.07276]]]}},{"type":"Feature","properties":{"village":"Ward No 150","taluka":"Mumbai Suburban","district":"Mumbai Suburban","lgd":"0","type":"Ward"},"geometry":{"type":"Polygon","coordinates":[[[72.90184,19.06557],[72.90216,19.06552],[72.90223,19.06542],[72.90222,19.06492],[72.90226,19.06481],[72.90263,19.06466],[72.90289,19.06443],[72.90389,19.06428],[72.9039,19.0651],[72.90541,19.06507],[72.90644,19.06493],[72.90989,19.06384],[72.90979,19.06323],[72.9096,19.06285],[72.90937,19.06254],[72.90879,19.062],[72.90777,19.0607],[72.9077,19.06037],[72.90771,19.05977],[72.89995,19.06343],[72.89752,19.06444],[72.89852,19.06519],[72.8991,19.06548],[72.89971,19.06552],[72.90012,19.06548],[72.90105,19.06551],[72.90153,19.06545],[72.90184,19.06557]]]}},{"type":"Feature","properties":{"village":"Ward No 151","taluka":"Mumbai Suburban","district":"Mumbai Suburban","lgd":"0","type":"Ward"},"geometry":{"type":"Polygon","coordinates":[[[72.89126,19.06003],[72.88489,19.05493],[72.88376,19.0564],[72.88633,19.0591],[72.89133,19.06613],[72.89649,19.06475],[72.89752,19.06444],[72.89375,19.06175],[72.89126,19.06003]]]}},{"type":"Feature","properties":{"village":"Ward No 152","taluka":"Mumbai Suburban","district":"Mumbai Suburban","lgd":"0","type":"Ward"},"geometry":{"type":"Polygon","coordinates":[[[72.90574,19.05685],[72.90501,19.05682],[72.90479,19.05573],[72.90464,19.05526],[72.90479,19.05496],[72.90489,19.0546],[72.90587,19.05296],[72.90586,19.0529],[72.90579,19.05285],[72.90404,19.05308],[72.90308,19.05299],[72.90202,19.0528],[72.90094,19.05279],[72.90085,19.05275],[72.9007,19.05231],[72.89591,19.05392],[72.89457,19.05421],[72.89441,19.05343],[72.89396,19.05208],[72.89395,19.05119],[72.89374,19.05072],[72.89181,19.05189],[72.89115,19.05132],[72.89098,19.05131],[72.89048,19.0514],[72.88994,19.05144],[72.88971,19.05078],[72.88926,19.05021],[72.88869,19.04982],[72.88804,19.04963],[72.88755,19.04963],[72.88704,19.0497],[72.88747,19.05073],[72.88787,19.05153],[72.88804,19.05332],[72.88803,19.05379],[72.88508,19.05358],[72.8843,19.05452],[72.88489,19.05493],[72.89126,19.06003],[72.89375,19.06175],[72.89752,19.06444],[72.89995,19.06343],[72.90771,19.05977],[72.90671,19.05823],[72.90574,19.05685]]]}},{"type":"Feature","properties":{"village":"Ward No 153","taluka":"Mumbai Suburban","district":"Mumbai Suburban","lgd":"0","type":"Ward"},"geometry":{"type":"Polygon","coordinates":[[[72.9123,19.05729],[72.91135,19.05592],[72.91116,19.05558],[72.911,19.05518],[72.91063,19.05301],[72.91041,19.05065],[72.91028,19.04999],[72.90935,19.04672],[72.90896,19.04568],[72.90825,19.04688],[72.90404,19.05097],[72.90357,19.05127],[72.90306,19.05149],[72.9007,19.05231],[72.90085,19.05275],[72.90094,19.05279],[72.90202,19.0528],[72.90308,19.05299],[72.90404,19.05308],[72.90579,19.05285],[72.90586,19.0529],[72.90587,19.05296],[72.90489,19.0546],[72.90479,19.05496],[72.90464,19.05526],[72.90479,19.05573],[72.90499,19.05679],[72.90512,19.05685],[72.9055,19.05683],[72.90576,19.05687],[72.90771,19.05977],[72.9123,19.05729]]]}},{"type":"Feature","properties":{"village":"Ward No 154","taluka":"Mumbai Suburban","district":"Mumbai Suburban","lgd":"0","type":"Ward"},"geometry":{"type":"Polygon","coordinates":[[[72.90404,19.05097],[72.90825,19.04688],[72.90896,19.04568],[72.90532,19.04567],[72.90386,19.04561],[72.89992,19.04605],[72.89954,19.04607],[72.89888,19.04599],[72.89906,19.04499],[72.89896,19.04497],[72.89881,19.04469],[72.89868,19.04458],[72.89753,19.04413],[72.89677,19.04391],[72.89653,19.04377],[72.89644,19.04358],[72.89582,19.04341],[72.89553,19.04326],[72.89518,19.04293],[72.89498,19.04288],[72.89434,19.04291],[72.89352,19.04267],[72.89357,19.04204],[72.89376,19.04142],[72.89389,19.0411],[72.89467,19.03976],[72.89483,19.03918],[72.89425,19.03908],[72.89329,19.03931],[72.89276,19.03936],[72.89173,19.03896],[72.89105,19.04021],[72.89012,19.0421],[72.88823,19.04562],[72.88996,19.04736],[72.8907,19.04773],[72.8907,19.04809],[72.89042,19.04838],[72.88908,19.05007],[72.88941,19.05037],[72.88971,19.05078],[72.88994,19.05144],[72.89048,19.0514],[72.89098,19.05131],[72.89115,19.05132],[72.89181,19.05189],[72.89374,19.05072],[72.89395,19.05119],[72.89396,19.05208],[72.89441,19.05343],[72.89457,19.05421],[72.89591,19.05392],[72.89983,19.05263],[72.90306,19.05149],[72.90357,19.05127],[72.90404,19.05097]]]}},{"type":"Feature","properties":{"village":"Ward No 160","taluka":"Mumbai Suburban","district":"Mumbai Suburban","lgd":"0","type":"Ward"},"geometry":{"type":"Polygon","coordinates":[[[72.8943,19.09692],[72.89497,19.09655],[72.89501,19.09711],[72.89507,19.09728],[72.89593,19.09656],[72.89793,19.09507],[72.89918,19.09434],[72.89899,19.09361],[72.89893,19.09286],[72.89877,19.09238],[72.89851,19.09212],[72.89825,19.09216],[72.89785,19.09247],[72.89747,19.09256],[72.89729,19.09242],[72.8972,19.0922],[72.89707,19.09212],[72.89674,19.0921],[72.89631,19.09219],[72.89605,19.09218],[72.89578,19.09209],[72.89562,19.09199],[72.89551,19.0918],[72.89526,19.0917],[72.89536,19.09126],[72.89541,19.09051],[72.89554,19.08963],[72.89524,19.08917],[72.89482,19.08834],[72.89445,19.08721],[72.89435,19.08666],[72.8944,19.08615],[72.89454,19.0856],[72.89256,19.08494],[72.89223,19.08581],[72.89198,19.08684],[72.89169,19.0877],[72.89158,19.0885],[72.89125,19.08941],[72.89112,19.08953],[72.89061,19.08958],[72.89015,19.09062],[72.89012,19.09167],[72.89029,19.09164],[72.89059,19.09141],[72.89136,19.09116],[72.8922,19.0921],[72.89227,19.09486],[72.89272,19.09559],[72.89286,19.09627],[72.89373,19.09733],[72.8943,19.09692]]]}},{"type":"Feature","properties":{"village":"Ward No 161","taluka":"Mumbai Suburban","district":"Mumbai Suburban","lgd":"0","type":"Ward"},"geometry":{"type":"Polygon","coordinates":[[[72.89175,19.1003],[72.89305,19.09801],[72.89373,19.09733],[72.89286,19.09627],[72.89272,19.09559],[72.89227,19.09486],[72.8922,19.0921],[72.89136,19.09116],[72.89059,19.09141],[72.89029,19.09164],[72.89012,19.09167],[72.88924,19.09159],[72.88903,19.09173],[72.88888,19.09192],[72.88891,19.09242],[72.88977,19.09416],[72.88999,19.09576],[72.88974,19.09577],[72.88897,19.09596],[72.88772,19.09613],[72.88784,19.09697],[72.88787,19.10006],[72.88911,19.09982],[72.88965,19.09983],[72.89013,19.10086],[72.89019,19.1012],[72.89062,19.10169],[72.8913,19.10097],[72.89175,19.1003]]]}},{"type":"Feature","properties":{"village":"Ward No 162","taluka":"Mumbai Suburban","district":"Mumbai Suburban","lgd":"0","type":"Ward"},"geometry":{"type":"Polygon","coordinates":[[[72.88787,19.10006],[72.88784,19.09697],[72.88764,19.09573],[72.88736,19.09574],[72.88686,19.09564],[72.88642,19.09574],[72.8859,19.09592],[72.8861,19.09687],[72.88525,19.09698],[72.88353,19.09682],[72.88368,19.09622],[72.88367,19.09601],[72.88327,19.09409],[72.88302,19.09343],[72.88267,19.09278],[72.88233,19.09104],[72.88194,19.0899],[72.8814,19.08889],[72.88124,19.08842],[72.8812,19.088],[72.87868,19.08789],[72.87855,19.08786],[72.87855,19.09133],[72.87823,19.09317],[72.87822,19.09355],[72.8783,19.09375],[72.87891,19.09466],[72.87907,19.09472],[72.87943,19.09474],[72.87963,19.09489],[72.87977,19.0951],[72.87994,19.09558],[72.88015,19.09584],[72.88077,19.09634],[72.88089,19.09672],[72.88075,19.0979],[72.87976,19.09841],[72.87936,19.09832],[72.879,19.09835],[72.8788,19.09876],[72.87896,19.09966],[72.87932,19.10073],[72.87984,19.10203],[72.88023,19.10268],[72.88031,19.10276],[72.88105,19.10298],[72.88162,19.10308],[72.88279,19.10368],[72.88307,19.10391],[72.88338,19.10432],[72.8835,19.10461],[72.88355,19.10487],[72.88343,19.10556],[72.88457,19.10633],[72.88616,19.10461],[72.88666,19.10414],[72.88849,19.10309],[72.88805,19.10241],[72.88796,19.1021],[72.88787,19.10006]]]}},{"type":"Feature","properties":{"village":"Ward No 163","taluka":"Mumbai Suburban","district":"Mumbai Suburban","lgd":"0","type":"Ward"},"geometry":{"type":"Polygon","coordinates":[[[72.88642,19.09574],[72.88686,19.09564],[72.88736,19.09574],[72.88764,19.09573],[72.88743,19.09471],[72.8871,19.09357],[72.88666,19.09245],[72.88665,19.09171],[72.88662,19.09127],[72.88654,19.09094],[72.88655,19.09068],[72.88664,19.09048],[72.88697,19.09018],[72.88715,19.09009],[72.88776,19.09003],[72.88827,19.09006],[72.88841,19.08899],[72.88832,19.08846],[72.88816,19.08803],[72.88793,19.08801],[72.88778,19.08794],[72.88744,19.08759],[72.88741,19.08699],[72.887,19.08621],[72.88669,19.08513],[72.88614,19.08496],[72.88558,19.08511],[72.88318,19.08541],[72.88093,19.08555],[72.88086,19.08563],[72.88122,19.08746],[72.8812,19.08809],[72.88124,19.08842],[72.8814,19.08889],[72.88204,19.09016],[72.88241,19.09137],[72.88267,19.09278],[72.88302,19.09343],[72.88327,19.09409],[72.88367,19.09601],[72.88368,19.09622],[72.88353,19.09682],[72.88525,19.09698],[72.8861,19.09687],[72.8859,19.09592],[72.88642,19.09574]]]}},{"type":"Feature","properties":{"village":"Ward No 164","taluka":"Mumbai Suburban","district":"Mumbai Suburban","lgd":"0","type":"Ward"},"geometry":{"type":"Polygon","coordinates":[[[72.88929,19.09158],[72.89012,19.09167],[72.89015,19.09062],[72.89061,19.08958],[72.89112,19.08953],[72.89125,19.08941],[72.89158,19.0885],[72.89169,19.0877],[72.89198,19.08684],[72.89223,19.08581],[72.89256,19.08494],[72.89309,19.08512],[72.89361,19.08277],[72.89314,19.08216],[72.89324,19.08163],[72.89196,19.08124],[72.89295,19.07907],[72.89193,19.07398],[72.88601,19.07101],[72.88565,19.0739],[72.88733,19.07523],[72.88572,19.07724],[72.88537,19.07875],[72.88511,19.08309],[72.88486,19.08461],[72.88531,19.08477],[72.88584,19.08504],[72.88614,19.08496],[72.88669,19.08513],[72.887,19.08621],[72.88741,19.08699],[72.88744,19.08759],[72.88778,19.08794],[72.88793,19.08801],[72.88816,19.08803],[72.88837,19.08864],[72.88841,19.08899],[72.88827,19.09006],[72.88748,19.09004],[72.88711,19.0901],[72.88664,19.09048],[72.88653,19.0908],[72.88665,19.09171],[72.88666,19.09245],[72.8871,19.09357],[72.88743,19.09471],[72.88772,19.09613],[72.88897,19.09596],[72.88974,19.09577],[72.88999,19.09576],[72.88977,19.09416],[72.88891,19.09242],[72.88887,19.09202],[72.88891,19.09187],[72.88916,19.09162],[72.88929,19.09158]]]}},{"type":"Feature","properties":{"village":"Ward No 165","taluka":"Mumbai Suburban","district":"Mumbai Suburban","lgd":"0","type":"Ward"},"geometry":{"type":"Polygon","coordinates":[[[72.88511,19.08309],[72.88537,19.07875],[72.88572,19.07724],[72.88733,19.07523],[72.88565,19.0739],[72.88601,19.07101],[72.88576,19.07081],[72.88507,19.07159],[72.88445,19.0722],[72.8837,19.07289],[72.8833,19.07318],[72.88269,19.07341],[72.88156,19.07352],[72.88104,19.07369],[72.88029,19.07408],[72.87974,19.0745],[72.87935,19.07467],[72.87965,19.0754],[72.88,19.07605],[72.88016,19.07672],[72.88021,19.07704],[72.88017,19.07786],[72.88023,19.07971],[72.88157,19.08156],[72.88245,19.08331],[72.88266,19.08362],[72.88305,19.08395],[72.88486,19.08461],[72.88511,19.08309]]]}},{"type":"Feature","properties":{"village":"Ward No 166","taluka":"Mumbai Suburban","district":"Mumbai Suburban","lgd":"0","type":"Ward"},"geometry":{"type":"Polygon","coordinates":[[[72.88122,19.08746],[72.88086,19.08563],[72.88093,19.08555],[72.88318,19.08541],[72.88558,19.08511],[72.88584,19.08504],[72.88531,19.08477],[72.88305,19.08395],[72.88284,19.0838],[72.88245,19.08331],[72.88157,19.08156],[72.88023,19.07971],[72.88017,19.07786],[72.88021,19.07704],[72.88,19.07605],[72.87965,19.0754],[72.87932,19.07464],[72.87884,19.07326],[72.87775,19.07043],[72.87553,19.07075],[72.87589,19.07344],[72.87605,19.0741],[72.87616,19.07429],[72.87742,19.07575],[72.87657,19.07629],[72.87629,19.07639],[72.87582,19.07641],[72.87544,19.07631],[72.87178,19.07477],[72.87174,19.07488],[72.87184,19.07529],[72.87222,19.07567],[72.87259,19.07596],[72.87384,19.07659],[72.87438,19.07675],[72.87515,19.0771],[72.87562,19.07744],[72.87634,19.07873],[72.87661,19.0794],[72.87738,19.07905],[72.87774,19.079],[72.878,19.07915],[72.87816,19.0793],[72.87834,19.0796],[72.87833,19.07992],[72.87809,19.08054],[72.87795,19.08074],[72.87745,19.08116],[72.87592,19.08329],[72.8757,19.0837],[72.8748,19.08478],[72.87508,19.08589],[72.87588,19.0858],[72.87616,19.08601],[72.87644,19.08652],[72.87658,19.08727],[72.87816,19.08737],[72.87829,19.08741],[72.87855,19.08786],[72.87868,19.08789],[72.8812,19.088],[72.88122,19.08746]]]}},{"type":"Feature","properties":{"village":"Ward No 167","taluka":"Mumbai Suburban","district":"Mumbai Suburban","lgd":"0","type":"Ward"},"geometry":{"type":"Polygon","coordinates":[[[72.87938,19.07468],[72.87993,19.07439],[72.88029,19.07408],[72.88104,19.07369],[72.88156,19.07352],[72.88269,19.07341],[72.8833,19.07318],[72.8837,19.07289],[72.88445,19.0722],[72.88507,19.07159],[72.88576,19.07081],[72.88515,19.07041],[72.8842,19.06966],[72.8821,19.06785],[72.87942,19.06569],[72.87882,19.06607],[72.87775,19.06688],[72.87799,19.06774],[72.87802,19.06863],[72.87798,19.06912],[72.87773,19.07033],[72.87777,19.07054],[72.87869,19.07286],[72.87932,19.07464],[72.87938,19.07468]]]}},{"type":"Feature","properties":{"village":"Ward No 168","taluka":"Mumbai Suburban","district":"Mumbai Suburban","lgd":"0","type":"Ward"},"geometry":{"type":"Polygon","coordinates":[[[72.87589,19.07344],[72.87553,19.07075],[72.87775,19.07043],[72.87775,19.07014],[72.87798,19.06912],[72.87803,19.06815],[72.87799,19.06774],[72.87775,19.06688],[72.87882,19.06607],[72.87942,19.06569],[72.87641,19.06336],[72.87339,19.06068],[72.87184,19.05885],[72.86998,19.05613],[72.86756,19.05284],[72.86687,19.053],[72.86586,19.05286],[72.86519,19.05537],[72.86486,19.05622],[72.86628,19.05627],[72.86678,19.05643],[72.86698,19.05657],[72.86832,19.05784],[72.87059,19.06346],[72.87147,19.06547],[72.8727,19.06951],[72.87284,19.07034],[72.87285,19.07095],[72.87341,19.0709],[72.87204,19.07398],[72.87178,19.07477],[72.87544,19.07631],[72.87582,19.07641],[72.87629,19.07639],[72.87657,19.07629],[72.87742,19.07575],[72.87616,19.07429],[72.87605,19.0741],[72.87589,19.07344]]]}},{"type":"Feature","properties":{"village":"Ward No 169","taluka":"Mumbai Suburban","district":"Mumbai Suburban","lgd":"0","type":"Ward"},"geometry":{"type":"Polygon","coordinates":[[[72.89193,19.07398],[72.89072,19.06789],[72.89288,19.06801],[72.89133,19.06613],[72.88633,19.0591],[72.88196,19.05444],[72.88033,19.05853],[72.88086,19.05871],[72.88057,19.0595],[72.88023,19.06024],[72.87973,19.06116],[72.87964,19.06143],[72.87967,19.06172],[72.87985,19.06226],[72.88,19.06256],[72.88155,19.06402],[72.87982,19.06602],[72.8821,19.06785],[72.8842,19.06966],[72.88601,19.07101],[72.89193,19.07398]]]}},{"type":"Feature","properties":{"village":"Ward No 170","taluka":"Mumbai Suburban","district":"Mumbai Suburban","lgd":"0","type":"Ward"},"geometry":{"type":"Polygon","coordinates":[[[72.88196,19.05444],[72.88038,19.05215],[72.87984,19.05094],[72.87808,19.04812],[72.87767,19.0483],[72.8759,19.04945],[72.87501,19.05014],[72.87392,19.05065],[72.87334,19.05075],[72.87207,19.05071],[72.8717,19.05084],[72.87134,19.05112],[72.87099,19.05131],[72.87026,19.0514],[72.87103,19.05409],[72.87181,19.05394],[72.87243,19.05372],[72.87325,19.05399],[72.87546,19.05442],[72.87613,19.05449],[72.8762,19.05537],[72.87614,19.05593],[72.87629,19.05634],[72.87661,19.05661],[72.8768,19.05832],[72.87697,19.05885],[72.87711,19.05907],[72.87717,19.05936],[72.87714,19.05946],[72.87695,19.05966],[72.87691,19.06032],[72.87679,19.06106],[72.87723,19.06283],[72.87669,19.06358],[72.87982,19.06602],[72.88155,19.06402],[72.88,19.06256],[72.87985,19.06226],[72.87967,19.06172],[72.87964,19.06143],[72.87973,19.06116],[72.88023,19.06024],[72.88057,19.0595],[72.88086,19.05871],[72.88033,19.05853],[72.88196,19.05444]]]}},{"type":"Feature","properties":{"village":"Ward No 171","taluka":"Mumbai Suburban","district":"Mumbai Suburban","lgd":"0","type":"Ward"},"geometry":{"type":"Polygon","coordinates":[[[72.87546,19.05442],[72.87325,19.05399],[72.87243,19.05372],[72.87181,19.05394],[72.87103,19.05409],[72.87026,19.0514],[72.86992,19.05148],[72.86873,19.05195],[72.86756,19.05284],[72.86998,19.05613],[72.87184,19.05885],[72.87339,19.06068],[72.87457,19.06176],[72.87669,19.06358],[72.87723,19.06283],[72.87679,19.06106],[72.87691,19.06032],[72.87695,19.05966],[72.87714,19.05946],[72.87717,19.05936],[72.87711,19.05907],[72.87697,19.05885],[72.8768,19.05832],[72.87661,19.05661],[72.87629,19.05634],[72.87614,19.05593],[72.8762,19.05537],[72.87613,19.05449],[72.87546,19.05442]]]}},{"type":"Feature","properties":{"village":"Data Not Available","taluka":"Mumbai Suburban","district":"Mumbai Suburban","lgd":"0","type":"Village"},"geometry":{"type":"Polygon","coordinates":[[[72.77347,19.13382],[72.77362,19.13365],[72.77372,19.13361],[72.77381,19.13344],[72.77395,19.13334],[72.77394,19.13319],[72.77378,19.13303],[72.77363,19.133],[72.77351,19.13305],[72.77334,19.13332],[72.7732,19.13341],[72.77321,19.13354],[72.77339,19.13361],[72.77338,19.13375],[72.77347,19.13382]]]}},{"type":"Feature","properties":{"village":"Data Not Available","taluka":"Mumbai Suburban","district":"Mumbai Suburban","lgd":"0","type":"Village"},"geometry":{"type":"Polygon","coordinates":[[[72.76715,19.24372],[72.76767,19.24359],[72.7684,19.24309],[72.76863,19.24272],[72.76879,19.24253],[72.76921,19.24236],[72.76946,19.24234],[72.76953,19.24225],[72.76922,19.24211],[72.769,19.24193],[72.76859,19.2418],[72.76832,19.24145],[72.768,19.24122],[72.76763,19.24104],[72.76732,19.24097],[72.76726,19.2408],[72.7673,19.24042],[72.76723,19.24014],[72.76707,19.23995],[72.76669,19.23965],[72.76664,19.23941],[72.76639,19.23913],[72.76639,19.23904],[72.76648,19.23903],[72.76661,19.23906],[72.76669,19.23915],[72.76677,19.23913],[72.76679,19.23903],[72.76672,19.23887],[72.7665,19.23864],[72.76629,19.23852],[72.76606,19.23857],[72.7658,19.23851],[72.76556,19.23852],[72.76545,19.23859],[72.76526,19.23919],[72.76518,19.23926],[72.76492,19.23934],[72.76477,19.2395],[72.76482,19.23969],[72.76503,19.23988],[72.76515,19.24005],[72.76513,19.24017],[72.765,19.2403],[72.76499,19.24042],[72.76519,19.24057],[72.76524,19.24072],[72.76554,19.24097],[72.76574,19.24124],[72.76581,19.24145],[72.76572,19.24162],[72.76571,19.24182],[72.76585,19.24215],[72.7661,19.24247],[72.76647,19.24274],[72.76647,19.24288],[72.76631,19.24307],[72.76624,19.24324],[72.76623,19.2434],[72.76629,19.24354],[72.76647,19.24367],[72.76715,19.24372]]]}},{"type":"Feature","properties":{"village":"Ward No 71","taluka":"Mumbai Suburban","district":"Mumbai Suburban","lgd":"0","type":"Ward"},"geometry":{"type":"Polygon","coordinates":[[[72.83147,19.10205],[72.83177,19.10165],[72.83218,19.10154],[72.83281,19.10145],[72.83494,19.10131],[72.83807,19.10093],[72.83841,19.10101],[72.83865,19.10101],[72.83876,19.10097],[72.83884,19.10088],[72.83884,19.10054],[72.83911,19.10046],[72.83945,19.10053],[72.83928,19.10266],[72.83993,19.10263],[72.84089,19.10245],[72.8411,19.10245],[72.84142,19.10252],[72.84198,19.10276],[72.84242,19.10273],[72.84252,19.10016],[72.84379,19.10002],[72.84327,19.09498],[72.84254,19.09064],[72.84153,19.09055],[72.83906,19.08973],[72.83835,19.08963],[72.83826,19.08969],[72.83837,19.09124],[72.8383,19.09169],[72.83815,19.09184],[72.83646,19.092],[72.83604,19.092],[72.83363,19.09148],[72.83277,19.09134],[72.83235,19.09119],[72.83223,19.09091],[72.83202,19.08854],[72.83213,19.08808],[72.83225,19.08779],[72.83229,19.08748],[72.83221,19.08674],[72.83188,19.08661],[72.83124,19.08684],[72.83093,19.08677],[72.83066,19.08653],[72.83048,19.08626],[72.83002,19.08469],[72.82979,19.08405],[72.82966,19.08384],[72.82988,19.0836],[72.82969,19.08337],[72.82966,19.08317],[72.82936,19.08296],[72.82874,19.08222],[72.82836,19.0823],[72.828,19.08216],[72.82774,19.0815],[72.82756,19.08064],[72.82744,19.08035],[72.82725,19.08012],[72.8265,19.07982],[72.82606,19.07869],[72.82611,19.07866],[72.82601,19.07846],[72.82592,19.07838],[72.82588,19.07842],[72.82543,19.07805],[72.82486,19.07871],[72.82418,19.07971],[72.82371,19.0803],[72.82367,19.08026],[72.82306,19.08086],[72.8234,19.08105],[72.82368,19.08131],[72.82383,19.08151],[72.8239,19.08171],[72.82396,19.08227],[72.82424,19.08272],[72.8242,19.08296],[72.82409,19.08321],[72.82367,19.08367],[72.82361,19.08383],[72.82363,19.08397],[72.82381,19.08415],[72.82419,19.08432],[72.82462,19.08461],[72.82508,19.08511],[72.82528,19.08546],[72.82569,19.08642],[72.82616,19.08785],[72.82644,19.08938],[72.82649,19.0904],[72.82646,19.09335],[72.82617,19.09624],[72.82699,19.09641],[72.82675,19.09771],[72.82752,19.09782],[72.82791,19.09812],[72.82802,19.09827],[72.82885,19.09834],[72.82845,19.10177],[72.82807,19.10176],[72.82774,19.10405],[72.83166,19.10317],[72.8314,19.10239],[72.83147,19.10205]]]}},{"type":"Feature","properties":{"village":"Ward No 85","taluka":"Mumbai Suburban","district":"Mumbai Suburban","lgd":"0","type":"Ward"},"geometry":{"type":"Polygon","coordinates":[[[72.85368,19.10367],[72.85437,19.10375],[72.85493,19.1022],[72.85489,19.10166],[72.85494,19.10123],[72.85484,19.10054],[72.85445,19.09972],[72.85398,19.0985],[72.85327,19.09649],[72.85299,19.09555],[72.853,19.09532],[72.85306,19.09521],[72.85386,19.09477],[72.85251,19.09404],[72.8524,19.09394],[72.85221,19.09364],[72.85216,19.09325],[72.85196,19.09263],[72.85149,19.09215],[72.85021,19.09209],[72.84972,19.09168],[72.84946,19.0913],[72.84935,19.09126],[72.8484,19.09108],[72.84691,19.09105],[72.84584,19.08986],[72.84492,19.09005],[72.84422,19.09044],[72.84283,19.09064],[72.84254,19.09064],[72.84327,19.09498],[72.8438,19.10012],[72.84424,19.10277],[72.84473,19.10274],[72.84515,19.10291],[72.84857,19.10331],[72.8502,19.10357],[72.85186,19.10377],[72.85368,19.10367]]]}},{"type":"Feature","properties":{"village":"Ward No 86","taluka":"Mumbai Suburban","district":"Mumbai Suburban","lgd":"0","type":"Ward"},"geometry":{"type":"Polygon","coordinates":[[[72.88562,19.11813],[72.88603,19.11591],[72.88668,19.11486],[72.88689,19.11436],[72.88693,19.11401],[72.88686,19.11388],[72.88641,19.11354],[72.8857,19.11283],[72.88528,19.11204],[72.88512,19.11163],[72.88512,19.11142],[72.88528,19.11073],[72.88614,19.11021],[72.88687,19.10961],[72.88665,19.10901],[72.88648,19.10821],[72.88618,19.10767],[72.88599,19.10709],[72.88441,19.10624],[72.88343,19.10556],[72.88355,19.10487],[72.8835,19.10461],[72.88338,19.10432],[72.88307,19.10391],[72.88279,19.10368],[72.88162,19.10308],[72.88105,19.10298],[72.88031,19.10276],[72.87984,19.10203],[72.87932,19.10073],[72.87896,19.09966],[72.8788,19.09876],[72.879,19.09835],[72.87936,19.09832],[72.87976,19.09841],[72.88075,19.0979],[72.88089,19.09672],[72.88077,19.09634],[72.88015,19.09584],[72.87994,19.09558],[72.87977,19.0951],[72.87963,19.09489],[72.87943,19.09474],[72.87907,19.09472],[72.87891,19.09466],[72.8783,19.09375],[72.87822,19.09355],[72.87823,19.09317],[72.87855,19.09133],[72.87855,19.08786],[72.87829,19.08741],[72.87816,19.08737],[72.87658,19.08727],[72.87644,19.08652],[72.87616,19.08601],[72.87588,19.0858],[72.87508,19.08589],[72.8748,19.08478],[72.8757,19.0837],[72.87592,19.08329],[72.87745,19.08116],[72.87795,19.08074],[72.87809,19.08054],[72.87826,19.08016],[72.87835,19.07974],[72.87828,19.07947],[72.878,19.07915],[72.87774,19.079],[72.87763,19.079],[72.87738,19.07905],[72.87661,19.0794],[72.87634,19.07873],[72.87563,19.07905],[72.87534,19.07927],[72.8736,19.08012],[72.86852,19.08246],[72.86811,19.08249],[72.86697,19.08238],[72.86626,19.08247],[72.86602,19.08264],[72.86486,19.08381],[72.86397,19.08425],[72.86371,19.08427],[72.86223,19.08419],[72.86149,19.0843],[72.86128,19.08436],[72.86092,19.08499],[72.85957,19.08504],[72.85956,19.08779],[72.85958,19.08883],[72.85962,19.08893],[72.86388,19.09202],[72.86128,19.09433],[72.85971,19.09593],[72.857,19.09129],[72.85685,19.09118],[72.85665,19.09112],[72.85541,19.09109],[72.85033,19.09028],[72.84765,19.08958],[72.84584,19.08986],[72.84691,19.09105],[72.8484,19.09108],[72.84935,19.09126],[72.84946,19.0913],[72.84972,19.09168],[72.85021,19.09209],[72.85149,19.09215],[72.85196,19.09263],[72.85216,19.09325],[72.85221,19.09364],[72.85251,19.09404],[72.85386,19.09477],[72.85437,19.09451],[72.85456,19.09448],[72.85464,19.09454],[72.85539,19.0956],[72.85548,19.09616],[72.85591,19.0967],[72.85642,19.09749],[72.8564,19.09759],[72.85619,19.09777],[72.85554,19.09833],[72.85502,19.0987],[72.85495,19.0989],[72.85496,19.09905],[72.85509,19.09936],[72.85594,19.1012],[72.85603,19.10129],[72.85612,19.10127],[72.85715,19.10022],[72.85776,19.0997],[72.85788,19.09967],[72.85808,19.09977],[72.85834,19.10003],[72.85859,19.10013],[72.85874,19.10013],[72.85916,19.1],[72.85932,19.10013],[72.85949,19.1001],[72.86058,19.10121],[72.86361,19.09867],[72.86434,19.09963],[72.86366,19.10067],[72.86577,19.10172],[72.86638,19.10274],[72.87386,19.10303],[72.87473,19.10302],[72.87465,19.10425],[72.87463,19.10542],[72.87627,19.10924],[72.87416,19.10999],[72.87449,19.11063],[72.87467,19.1114],[72.87483,19.11152],[72.87509,19.11162],[72.87533,19.11198],[72.87582,19.11207],[72.87611,19.11251],[72.87608,19.11276],[72.87625,19.11292],[72.87766,19.11289],[72.87794,19.11297],[72.87829,19.11399],[72.87826,19.11446],[72.87873,19.11455],[72.87886,19.11507],[72.87904,19.11547],[72.87967,19.11633],[72.88014,19.11708],[72.88082,19.11706],[72.88279,19.11712],[72.88305,19.11721],[72.88358,19.11751],[72.88441,19.11772],[72.88565,19.11846],[72.88562,19.11813]]]}},{"type":"Feature","properties":{"village":"Ward No 87","taluka":"Mumbai Suburban","district":"Mumbai Suburban","lgd":"0","type":"Ward"},"geometry":{"type":"Polygon","coordinates":[[[72.84237,19.07282],[72.84066,19.07282],[72.84127,19.07857],[72.8424,19.08766],[72.84283,19.09064],[72.84377,19.09051],[72.84355,19.08996],[72.84343,19.08948],[72.84341,19.08883],[72.84347,19.08844],[72.84363,19.08793],[72.84379,19.08754],[72.84517,19.08599],[72.84565,19.08536],[72.84588,19.08485],[72.84676,19.08046],[72.84681,19.07991],[72.84675,19.07682],[72.84673,19.07638],[72.84459,19.07572],[72.84253,19.07487],[72.84325,19.07392],[72.84345,19.07337],[72.8434,19.07304],[72.84304,19.07301],[72.84237,19.07282]]]}},{"type":"Feature","properties":{"village":"Ward No 88","taluka":"Mumbai Suburban","district":"Mumbai Suburban","lgd":"0","type":"Ward"},"geometry":{"type":"Polygon","coordinates":[[[72.8494,19.08052],[72.84937,19.08025],[72.84993,19.08027],[72.85,19.08084],[72.85049,19.08248],[72.85058,19.0831],[72.85071,19.08355],[72.85288,19.08344],[72.85376,19.08258],[72.85149,19.07903],[72.85068,19.07758],[72.84651,19.07095],[72.84675,19.07682],[72.84681,19.07991],[72.84676,19.08046],[72.84588,19.08485],[72.84565,19.08536],[72.84517,19.08599],[72.84379,19.08754],[72.84347,19.08844],[72.84341,19.08883],[72.84343,19.08948],[72.84355,19.08996],[72.84377,19.09051],[72.84422,19.09044],[72.84492,19.09005],[72.8462,19.08979],[72.84765,19.08958],[72.84765,19.08764],[72.84769,19.08747],[72.84797,19.08723],[72.84817,19.08587],[72.84818,19.08512],[72.84814,19.0848],[72.84783,19.08426],[72.84776,19.08392],[72.84775,19.08332],[72.84803,19.08251],[72.84867,19.08143],[72.84896,19.08106],[72.84927,19.08074],[72.8494,19.08052]]]}},{"type":"Feature","properties":{"village":"Ward No 89","taluka":"Mumbai Suburban","district":"Mumbai Suburban","lgd":"0","type":"Ward"},"geometry":{"type":"Polygon","coordinates":[[[72.85958,19.08883],[72.85957,19.08504],[72.85945,19.08506],[72.85817,19.08578],[72.85806,19.08581],[72.858,19.08572],[72.85758,19.08457],[72.85745,19.08452],[72.85654,19.08447],[72.85496,19.08447],[72.85376,19.08258],[72.85288,19.08344],[72.85071,19.08355],[72.85058,19.0831],[72.85049,19.08248],[72.85,19.08084],[72.84993,19.08027],[72.84937,19.08025],[72.8494,19.08052],[72.84927,19.08074],[72.84896,19.08106],[72.84867,19.08143],[72.84803,19.08251],[72.84775,19.08332],[72.84773,19.08355],[72.84783,19.08426],[72.84814,19.0848],[72.84818,19.08512],[72.84817,19.08587],[72.84797,19.08723],[72.84769,19.08747],[72.84765,19.08764],[72.84765,19.08958],[72.85033,19.09028],[72.85541,19.09109],[72.85665,19.09112],[72.85685,19.09118],[72.857,19.09129],[72.85971,19.09593],[72.86128,19.09433],[72.86388,19.09202],[72.85962,19.08893],[72.85958,19.08883]]]}},{"type":"Feature","properties":{"village":"Ward No 90","taluka":"Mumbai Suburban","district":"Mumbai Suburban","lgd":"0","type":"Ward"},"geometry":{"type":"Polygon","coordinates":[[[72.85968,19.08501],[72.86092,19.08499],[72.86128,19.08436],[72.86149,19.0843],[72.86223,19.08419],[72.86371,19.08427],[72.86397,19.08425],[72.86486,19.08381],[72.86602,19.08264],[72.86626,19.08247],[72.86697,19.08238],[72.86811,19.08249],[72.86852,19.08246],[72.8736,19.08012],[72.87534,19.07927],[72.87563,19.07905],[72.87634,19.07873],[72.87562,19.07744],[72.87515,19.0771],[72.87438,19.07675],[72.87384,19.07659],[72.87259,19.07596],[72.87222,19.07567],[72.87184,19.07529],[72.87176,19.07507],[72.87174,19.07488],[72.87178,19.07477],[72.86674,19.07265],[72.86612,19.07385],[72.86601,19.0742],[72.86594,19.0745],[72.86578,19.076],[72.864,19.07588],[72.86313,19.07599],[72.86274,19.07617],[72.86166,19.07689],[72.86233,19.07776],[72.86163,19.07781],[72.86129,19.07793],[72.86121,19.07801],[72.86117,19.07815],[72.8611,19.07863],[72.86023,19.07907],[72.85933,19.07982],[72.85916,19.08012],[72.85879,19.0811],[72.85866,19.08186],[72.85514,19.08154],[72.85446,19.0813],[72.85333,19.08079],[72.85249,19.08056],[72.85496,19.08447],[72.85654,19.08447],[72.85745,19.08452],[72.85758,19.08457],[72.858,19.08572],[72.85806,19.08581],[72.85817,19.08578],[72.85945,19.08506],[72.85968,19.08501]]]}},{"type":"Feature","properties":{"village":"Ward No 91","taluka":"Mumbai Suburban","district":"Mumbai Suburban","lgd":"0","type":"Ward"},"geometry":{"type":"Polygon","coordinates":[[[72.86145,19.07786],[72.86233,19.07776],[72.86166,19.07689],[72.86274,19.07617],[72.86313,19.07599],[72.864,19.07588],[72.86578,19.076],[72.86594,19.0745],[72.86601,19.0742],[72.86612,19.07385],[72.86674,19.07265],[72.87178,19.07477],[72.87204,19.07398],[72.87341,19.0709],[72.87266,19.07096],[72.872,19.07094],[72.8714,19.07076],[72.86418,19.06618],[72.86222,19.06503],[72.86163,19.06563],[72.86126,19.06574],[72.85871,19.06607],[72.85534,19.06657],[72.85502,19.0667],[72.85388,19.06757],[72.85354,19.06766],[72.8533,19.06766],[72.85296,19.06758],[72.85221,19.06734],[72.85109,19.06929],[72.84924,19.0729],[72.8482,19.07369],[72.84943,19.07558],[72.85068,19.07758],[72.85149,19.07903],[72.85249,19.08056],[72.85333,19.08079],[72.85446,19.0813],[72.85514,19.08154],[72.85866,19.08186],[72.85879,19.0811],[72.85916,19.08012],[72.85933,19.07982],[72.86023,19.07907],[72.8611,19.07863],[72.86121,19.07801],[72.86145,19.07786]]]}},{"type":"Feature","properties":{"village":"Ward No 93","taluka":"Mumbai Suburban","district":"Mumbai Suburban","lgd":"0","type":"Ward"},"geometry":{"type":"Polygon","coordinates":[[[72.85238,19.06429],[72.85503,19.05961],[72.85551,19.05984],[72.85664,19.06],[72.85692,19.06011],[72.85711,19.0599],[72.85722,19.05943],[72.85649,19.05784],[72.85544,19.05613],[72.85431,19.05493],[72.85195,19.0528],[72.85083,19.05226],[72.85019,19.05202],[72.84979,19.05207],[72.84907,19.05235],[72.84864,19.05239],[72.84823,19.05228],[72.84781,19.05204],[72.8469,19.05315],[72.84595,19.05407],[72.84624,19.05483],[72.84631,19.0554],[72.84642,19.06093],[72.84651,19.07095],[72.8482,19.07369],[72.84924,19.0729],[72.85109,19.06929],[72.85266,19.06661],[72.85149,19.06602],[72.85238,19.06429]]]}},{"type":"Feature","properties":{"village":"Ward No 94","taluka":"Mumbai Suburban","district":"Mumbai Suburban","lgd":"0","type":"Ward"},"geometry":{"type":"Polygon","coordinates":[[[72.84673,19.07638],[72.84651,19.07095],[72.84389,19.06677],[72.84187,19.06729],[72.83994,19.06748],[72.84066,19.07282],[72.84218,19.0728],[72.84304,19.07301],[72.8434,19.07304],[72.84345,19.07337],[72.84325,19.07392],[72.84253,19.07487],[72.84459,19.07572],[72.84673,19.07638]]]}},{"type":"Feature","properties":{"village":"Ward No 95","taluka":"Mumbai Suburban","district":"Mumbai Suburban","lgd":"0","type":"Ward"},"geometry":{"type":"Polygon","coordinates":[[[72.84651,19.06851],[72.84631,19.05556],[72.84565,19.05558],[72.84449,19.05547],[72.84437,19.05684],[72.84415,19.05687],[72.8441,19.0572],[72.84351,19.05723],[72.84346,19.05761],[72.84325,19.05823],[72.84276,19.06016],[72.84342,19.0611],[72.8426,19.06175],[72.84233,19.06203],[72.84289,19.06286],[72.84273,19.06314],[72.84247,19.06333],[72.84179,19.06348],[72.84192,19.06389],[72.84234,19.06474],[72.8423,19.06494],[72.84211,19.06507],[72.84154,19.06535],[72.84133,19.06536],[72.84126,19.06671],[72.84128,19.06734],[72.84187,19.06729],[72.84389,19.06677],[72.84651,19.07095],[72.84651,19.06851]]]}},{"type":"Feature","properties":{"village":"Ward No 96","taluka":"Mumbai Suburban","district":"Mumbai Suburban","lgd":"0","type":"Ward"},"geometry":{"type":"Polygon","coordinates":[[[72.84437,19.05684],[72.84449,19.05547],[72.84565,19.05558],[72.84631,19.05556],[72.84624,19.05483],[72.84595,19.05407],[72.8469,19.05315],[72.84859,19.05107],[72.84474,19.0507],[72.84283,19.05062],[72.84215,19.05034],[72.84144,19.05199],[72.84063,19.05482],[72.83997,19.05675],[72.83939,19.059],[72.83923,19.06035],[72.83928,19.06268],[72.83937,19.06355],[72.83966,19.06501],[72.83994,19.06748],[72.84128,19.06734],[72.84126,19.06671],[72.84133,19.06536],[72.84154,19.06535],[72.84171,19.06527],[72.8423,19.06494],[72.84234,19.06474],[72.84192,19.06389],[72.84179,19.06348],[72.84247,19.06333],[72.84273,19.06314],[72.84289,19.06286],[72.84233,19.06203],[72.8426,19.06175],[72.84342,19.0611],[72.84276,19.06016],[72.84286,19.05967],[72.84346,19.05761],[72.84351,19.05723],[72.8441,19.0572],[72.84415,19.05687],[72.84437,19.05684]]]}},{"type":"Feature","properties":{"village":"Ward No 97","taluka":"Mumbai Suburban","district":"Mumbai Suburban","lgd":"0","type":"Ward"},"geometry":{"type":"Polygon","coordinates":[[[72.83835,19.08963],[72.83906,19.08973],[72.84153,19.09055],[72.84283,19.09064],[72.8424,19.08766],[72.84153,19.08065],[72.83946,19.08084],[72.83802,19.08107],[72.83778,19.0812],[72.83727,19.08134],[72.83525,19.08168],[72.83441,19.08174],[72.8345,19.0848],[72.83287,19.08491],[72.83146,19.08511],[72.83024,19.0854],[72.83048,19.08626],[72.83066,19.08653],[72.83093,19.08677],[72.83124,19.08684],[72.83188,19.08661],[72.83221,19.08674],[72.83229,19.08748],[72.83225,19.08779],[72.83213,19.08808],[72.83202,19.08854],[72.83223,19.09091],[72.83235,19.09119],[72.83277,19.09134],[72.83363,19.09148],[72.83604,19.092],[72.83646,19.092],[72.83815,19.09184],[72.8383,19.09169],[72.83837,19.09124],[72.83826,19.08969],[72.83835,19.08963]]]}},{"type":"Feature","properties":{"village":"Ward No 98","taluka":"Mumbai Suburban","district":"Mumbai Suburban","lgd":"0","type":"Ward"},"geometry":{"type":"Polygon","coordinates":[[[72.84066,19.07282],[72.84027,19.06989],[72.83982,19.06994],[72.83919,19.06827],[72.83865,19.06795],[72.83822,19.06784],[72.83772,19.06779],[72.83737,19.06773],[72.83724,19.06766],[72.83654,19.06755],[72.83536,19.06749],[72.83289,19.06791],[72.83148,19.06838],[72.83087,19.06845],[72.83004,19.06846],[72.82989,19.06946],[72.82976,19.06992],[72.82966,19.07],[72.82897,19.07014],[72.82842,19.07054],[72.82827,19.07101],[72.82811,19.0713],[72.82696,19.0728],[72.82627,19.07388],[72.82617,19.0741],[72.8259,19.07512],[72.82602,19.07519],[72.82612,19.0755],[72.82622,19.07556],[72.82783,19.07586],[72.82812,19.07609],[72.82829,19.07632],[72.8286,19.07697],[72.82932,19.07941],[72.82986,19.08054],[72.83047,19.08149],[72.82881,19.08231],[72.8292,19.08272],[72.82936,19.08296],[72.82962,19.08313],[72.82969,19.08337],[72.82988,19.0836],[72.82966,19.08384],[72.82979,19.08405],[72.83024,19.0854],[72.83146,19.08511],[72.83287,19.08491],[72.8345,19.0848],[72.83441,19.08174],[72.83525,19.08168],[72.83727,19.08134],[72.83778,19.0812],[72.83802,19.08107],[72.83946,19.08084],[72.84153,19.08065],[72.84066,19.07282]]]}},{"type":"Feature","properties":{"village":"Ward No 99","taluka":"Mumbai Suburban","district":"Mumbai Suburban","lgd":"0","type":"Ward"},"geometry":{"type":"Polygon","coordinates":[[[72.82881,19.08231],[72.83047,19.08149],[72.82986,19.08054],[72.82932,19.07941],[72.8286,19.07697],[72.82829,19.07632],[72.82812,19.07609],[72.82783,19.07586],[72.82622,19.07556],[72.82612,19.0755],[72.82602,19.07519],[72.8259,19.07512],[72.82474,19.07522],[72.82423,19.07521],[72.82351,19.07506],[72.82334,19.07498],[72.82253,19.0743],[72.82201,19.07371],[72.82187,19.07344],[72.82143,19.07345],[72.8214,19.07407],[72.8216,19.07439],[72.82169,19.07475],[72.82157,19.07525],[72.82148,19.07539],[72.82135,19.07545],[72.82122,19.07579],[72.82103,19.07593],[72.82086,19.0759],[72.82041,19.07552],[72.82028,19.0755],[72.82023,19.07564],[72.82028,19.07697],[72.82039,19.07722],[72.82055,19.07737],[72.82063,19.07739],[72.82123,19.0773],[72.82143,19.07732],[72.8216,19.0774],[72.82184,19.07764],[72.82193,19.07803],[72.82207,19.07826],[72.8228,19.07878],[72.82309,19.07906],[72.82315,19.0792],[72.82311,19.07946],[72.82294,19.07966],[72.82301,19.07986],[72.82302,19.08006],[72.82284,19.08025],[72.82283,19.08032],[72.82296,19.08075],[72.82306,19.08086],[72.82367,19.08026],[72.82371,19.0803],[72.82418,19.07971],[72.82486,19.07871],[72.82545,19.07804],[72.82548,19.07813],[72.82588,19.07842],[72.82592,19.07838],[72.82596,19.07841],[72.82605,19.07853],[72.82611,19.07866],[72.82606,19.07869],[72.8265,19.07982],[72.82725,19.08012],[72.82746,19.08039],[72.82764,19.08096],[72.82774,19.0815],[72.828,19.08216],[72.82836,19.0823],[72.82874,19.08222],[72.82881,19.08231]]]}},{"type":"Feature","properties":{"village":"Ward No 1","taluka":"Mumbai Suburban","district":"Mumbai Suburban","lgd":"0","type":"Ward"},"geometry":{"type":"Polygon","coordinates":[[[72.85007,19.26949],[72.85073,19.26901],[72.8517,19.26746],[72.85325,19.26699],[72.85668,19.26866],[72.85712,19.26876],[72.85838,19.25822],[72.85706,19.25843],[72.85566,19.25848],[72.85499,19.25841],[72.85383,19.25817],[72.85207,19.2575],[72.85148,19.25715],[72.84966,19.25581],[72.84868,19.25491],[72.85159,19.2517],[72.85106,19.25116],[72.85035,19.24961],[72.84994,19.24716],[72.85009,19.24669],[72.84994,19.24579],[72.84414,19.24498],[72.84158,19.24451],[72.83911,19.24702],[72.83737,19.24854],[72.83597,19.24994],[72.83457,19.25069],[72.83668,19.25164],[72.83851,19.25315],[72.8387,19.25566],[72.83826,19.25724],[72.83629,19.25964],[72.83735,19.26394],[72.83976,19.26842],[72.84057,19.26721],[72.84298,19.26673],[72.84544,19.26679],[72.84703,19.26733],[72.8475,19.26832],[72.84764,19.26917],[72.84852,19.26916],[72.84918,19.26961],[72.85007,19.26949]]]}},{"type":"Feature","properties":{"village":"Ward No 10","taluka":"Mumbai Suburban","district":"Mumbai Suburban","lgd":"0","type":"Ward"},"geometry":{"type":"Polygon","coordinates":[[[72.85111,19.23803],[72.85412,19.23775],[72.85573,19.23774],[72.85704,19.23742],[72.85754,19.23737],[72.85815,19.23747],[72.85747,19.23389],[72.85595,19.23385],[72.85259,19.23318],[72.85261,19.23087],[72.84952,19.23071],[72.84775,19.23045],[72.84442,19.2304],[72.84428,19.23281],[72.84092,19.23325],[72.84079,19.23506],[72.84366,19.23513],[72.84367,19.23721],[72.8435,19.23746],[72.84331,19.23758],[72.8418,19.2382],[72.84223,19.23891],[72.84279,19.23957],[72.84489,19.24174],[72.84952,19.23822],[72.85111,19.23803]]]}},{"type":"Feature","properties":{"village":"Ward No 103","taluka":"Mumbai Suburban","district":"Mumbai Suburban","lgd":"0","type":"Ward"},"geometry":{"type":"Polygon","coordinates":[[[72.89537,19.24907],[72.89696,19.24901],[72.89929,19.24919],[72.90131,19.24783],[72.90411,19.24706],[72.90588,19.24665],[72.90585,19.24623],[72.90603,19.23776],[72.90763,19.23619],[72.90886,19.23516],[72.9107,19.23339],[72.91236,19.23197],[72.91397,19.22907],[72.91487,19.22761],[72.91599,19.22598],[72.9178,19.22395],[72.91883,19.22198],[72.91985,19.21676],[72.9203,19.21349],[72.92299,19.21282],[72.93072,19.2086],[72.93155,19.20896],[72.9338,19.2098],[72.9344,19.21008],[72.93683,19.21082],[72.9379,19.21109],[72.93659,19.20913],[72.93355,19.20422],[72.93339,19.20021],[72.93432,19.19594],[72.93427,19.19589],[72.93418,19.19424],[72.93406,19.19113],[72.93852,19.18848],[72.93949,19.18795],[72.9395,19.18756],[72.93983,19.18738],[72.94012,19.18712],[72.94046,19.18666],[72.94087,19.18694],[72.94146,19.18708],[72.94187,19.18685],[72.94273,19.18724],[72.94336,19.1872],[72.94363,19.18745],[72.94452,19.18752],[72.94494,19.18736],[72.945,19.18743],[72.94517,19.18741],[72.9453,19.18759],[72.94544,19.18751],[72.94541,19.18732],[72.94573,19.18731],[72.94594,19.1876],[72.94615,19.18754],[72.9463,19.18734],[72.94676,19.18716],[72.94677,19.1871],[72.94708,19.18693],[72.94726,19.18698],[72.94815,19.18669],[72.94822,19.18651],[72.94843,19.18632],[72.94843,19.18567],[72.94957,19.18482],[72.95011,19.18464],[72.95048,19.18453],[72.95095,19.18447],[72.95186,19.18443],[72.95211,19.18471],[72.95261,19.18473],[72.95302,19.18464],[72.95308,19.1847],[72.95314,19.18497],[72.95323,19.18507],[72.95354,19.18508],[72.95367,19.18471],[72.95395,19.18471],[72.95414,19.18439],[72.95437,19.18428],[72.95445,19.18382],[72.9543,19.18365],[72.95443,19.18328],[72.95515,19.18293],[72.95527,19.18279],[72.95406,19.18153],[72.95392,19.18073],[72.95394,19.17878],[72.95384,19.17791],[72.95376,19.17758],[72.95358,19.1773],[72.95231,19.17589],[72.94944,19.17829],[72.94913,19.17861],[72.94889,19.17875],[72.94866,19.17878],[72.94761,19.17865],[72.94537,19.1785],[72.94326,19.1779],[72.94293,19.17768],[72.94245,19.17749],[72.94198,19.17746],[72.9403,19.17774],[72.93935,19.17819],[72.93882,19.17851],[72.93709,19.17998],[72.93657,19.18003],[72.93634,19.17997],[72.93624,19.17988],[72.93592,19.17919],[72.9357,19.17857],[72.93566,19.17814],[72.93543,19.17761],[72.93507,19.17732],[72.93478,19.17697],[72.93473,19.17623],[72.93431,19.17572],[72.93338,19.17518],[72.93226,19.17413],[72.93148,19.17322],[72.9311,19.17242],[72.93092,19.17141],[72.93087,19.17],[72.93065,19.16904],[72.93031,19.16826],[72.93002,19.1679],[72.92905,19.16711],[72.92842,19.16626],[72.92816,19.16599],[72.92767,19.16567],[72.92698,19.16487],[72.92694,19.16467],[72.92701,19.16444],[72.92741,19.16394],[72.92739,19.16364],[72.92719,19.16317],[72.92646,19.16185],[72.92643,19.16136],[72.9266,19.16097],[72.92687,19.16068],[72.92743,19.15979],[72.92743,19.15936],[72.9268,19.15822],[72.92611,19.15748],[72.92604,19.15733],[72.92593,19.15684],[72.92594,19.15648],[72.92582,19.15557],[72.92569,19.15502],[72.9255,19.15465],[72.92511,19.1544],[72.92477,19.15432],[72.92402,19.15438],[72.92388,19.1543],[72.92381,19.1541],[72.92379,19.15374],[72.92419,19.15076],[72.92291,19.14649],[72.92266,19.14611],[72.9213,19.14456],[72.91982,19.14353],[72.91932,19.14294],[72.91844,19.14211],[72.91762,19.14178],[72.91618,19.14158],[72.91487,19.14172],[72.91376,19.14136],[72.91324,19.14099],[72.91259,19.14061],[72.91207,19.14057],[72.91685,19.1379],[72.91628,19.13785],[72.91581,19.13794],[72.91543,19.13814],[72.91498,19.13848],[72.91439,19.13871],[72.91417,19.13867],[72.91381,19.13837],[72.91356,19.13799],[72.9135,19.13773],[72.91331,19.13757],[72.913,19.13752],[72.9112,19.13766],[72.91058,19.1376],[72.90974,19.13737],[72.90948,19.13726],[72.90919,19.1371],[72.90894,19.13686],[72.90866,19.13678],[72.90825,19.13677],[72.90796,19.13689],[72.90749,19.13727],[72.90693,19.13758],[72.90607,19.13766],[72.90579,19.1378],[72.90572,19.13807],[72.90594,19.13866],[72.90597,19.13889],[72.90588,19.13919],[72.90572,19.13934],[72.90543,19.13945],[72.90509,19.13949],[72.90473,19.13979],[72.90447,19.13989],[72.90417,19.13978],[72.90379,19.13941],[72.90357,19.13926],[72.90323,19.13924],[72.90303,19.13948],[72.90291,19.13987],[72.90255,19.14017],[72.90241,19.14017],[72.90212,19.14008],[72.90184,19.13976],[72.90148,19.13919],[72.90129,19.1384],[72.90116,19.13815],[72.90101,19.138],[72.90077,19.13786],[72.90037,19.13776],[72.89964,19.13782],[72.89928,19.13797],[72.899,19.13816],[72.89857,19.13862],[72.89571,19.14057],[72.89509,19.14158],[72.8967,19.14271],[72.89747,19.14349],[72.89779,19.14395],[72.89838,19.14528],[72.89894,19.14687],[72.89916,19.14778],[72.89926,19.14902],[72.89914,19.14983],[72.89886,19.15053],[72.89789,19.15255],[72.89636,19.15532],[72.8945,19.15942],[72.89436,19.16171],[72.89419,19.16219],[72.89382,19.16272],[72.89337,19.16301],[72.89301,19.16339],[72.89287,19.16362],[72.89283,19.1638],[72.89284,19.16427],[72.89324,19.16499],[72.89408,19.16701],[72.8959,19.17002],[72.89646,19.17157],[72.89778,19.17343],[72.89858,19.17437],[72.8995,19.17577],[72.89994,19.17788],[72.90005,19.17931],[72.89988,19.18003],[72.89952,19.18039],[72.89712,19.18067],[72.8918,19.18111],[72.88725,19.18158],[72.8843,19.18384],[72.87988,19.1874],[72.88004,19.19276],[72.88339,19.19225],[72.88804,19.19079],[72.89128,19.18941],[72.89396,19.18803],[72.89112,19.19445],[72.8846,19.20837],[72.88208,19.21385],[72.88315,19.21559],[72.88328,19.21674],[72.88315,19.21988],[72.88289,19.22134],[72.88243,19.22308],[72.88202,19.22491],[72.88198,19.22726],[72.88215,19.23016],[72.88254,19.23303],[72.88278,19.23563],[72.88315,19.2378],[72.88353,19.23867],[72.88519,19.23893],[72.88828,19.23889],[72.8908,19.2386],[72.89243,19.23856],[72.89281,19.23868],[72.89304,19.23884],[72.89321,19.23911],[72.89334,19.24157],[72.89334,19.24655],[72.89313,19.24983],[72.89537,19.24907]]]}},{"type":"Feature","properties":{"village":"Ward No 106","taluka":"Mumbai Suburban","district":"Mumbai Suburban","lgd":"0","type":"Ward"},"geometry":{"type":"Polygon","coordinates":[[[72.96556,19.17803],[72.96578,19.17789],[72.9662,19.17792],[72.96601,19.17784],[72.96634,19.17738],[72.96643,19.17695],[72.96636,19.17661],[72.96597,19.17641],[72.96578,19.17608],[72.96568,19.17573],[72.96567,19.17545],[72.96572,19.17492],[72.96591,19.17428],[72.96637,19.17313],[72.96651,19.17251],[72.96665,19.17216],[72.96667,19.17121],[72.96683,19.17107],[72.96713,19.171],[72.96775,19.17108],[72.96439,19.16626],[72.96234,19.16752],[72.96158,19.16789],[72.96048,19.16851],[72.95874,19.16775],[72.95657,19.16694],[72.95534,19.16626],[72.95486,19.16646],[72.95386,19.16713],[72.95307,19.16743],[72.95466,19.16954],[72.95561,19.17061],[72.95943,19.17448],[72.96213,19.17661],[72.96228,19.17651],[72.96241,19.17684],[72.96324,19.17692],[72.96347,19.17686],[72.96433,19.17716],[72.96477,19.17748],[72.96483,19.17737],[72.96492,19.17758],[72.96512,19.17759],[72.96525,19.17771],[72.96547,19.1777],[72.96556,19.17803]]]}},{"type":"Feature","properties":{"village":"Ward No 107","taluka":"Mumbai Suburban","district":"Mumbai Suburban","lgd":"0","type":"Ward"},"geometry":{"type":"Polygon","coordinates":[[[72.94901,19.17871],[72.95231,19.17589],[72.95322,19.17689],[72.95597,19.1746],[72.95155,19.17008],[72.95091,19.16953],[72.95205,19.16851],[72.94841,19.16515],[72.94736,19.16411],[72.94901,19.16218],[72.95023,19.16164],[72.94822,19.15652],[72.94706,19.1569],[72.94661,19.15726],[72.9465,19.15741],[72.94641,19.15761],[72.94636,19.15798],[72.94681,19.15967],[72.94677,19.16009],[72.94651,19.16043],[72.94516,19.16102],[72.94661,19.16335],[72.94334,19.165],[72.94551,19.16912],[72.94435,19.17048],[72.94312,19.17161],[72.94069,19.17204],[72.9414,19.17418],[72.942,19.17522],[72.9435,19.17727],[72.94435,19.17822],[72.94537,19.1785],[72.94761,19.17865],[72.94873,19.17878],[72.94901,19.17871]]]}},{"type":"Feature","properties":{"village":"Ward No 108","taluka":"Mumbai Suburban","district":"Mumbai Suburban","lgd":"0","type":"Ward"},"geometry":{"type":"Polygon","coordinates":[[[72.9403,19.17774],[72.94198,19.17746],[72.94245,19.17749],[72.94293,19.17768],[72.94326,19.1779],[72.94435,19.17822],[72.9435,19.17727],[72.942,19.17522],[72.9414,19.17418],[72.94069,19.17204],[72.94312,19.17161],[72.94435,19.17048],[72.94551,19.16912],[72.94334,19.165],[72.94661,19.16335],[72.94516,19.16102],[72.94199,19.16249],[72.93973,19.16336],[72.93873,19.16367],[72.93738,19.16376],[72.93662,19.16403],[72.93455,19.16521],[72.93333,19.16582],[72.93323,19.16616],[72.93234,19.16686],[72.93163,19.16724],[72.93123,19.16733],[72.92905,19.16711],[72.93002,19.1679],[72.93031,19.16826],[72.93045,19.16851],[72.93065,19.16904],[72.93087,19.17],[72.93092,19.17141],[72.9311,19.17242],[72.93148,19.17322],[72.93226,19.17413],[72.93338,19.17518],[72.93431,19.17572],[72.93473,19.17623],[72.93478,19.17697],[72.93507,19.17732],[72.93543,19.17761],[72.93566,19.17814],[72.9357,19.17857],[72.93592,19.17919],[72.93624,19.17988],[72.93634,19.17997],[72.93657,19.18003],[72.93709,19.17998],[72.93882,19.17851],[72.93935,19.17819],[72.9403,19.17774]]]}},{"type":"Feature","properties":{"village":"Ward No 109","taluka":"Mumbai Suburban","district":"Mumbai Suburban","lgd":"0","type":"Ward"},"geometry":{"type":"Polygon","coordinates":[[[72.92896,19.15514],[72.92822,19.1538],[72.92777,19.15334],[72.92676,19.15257],[72.92628,19.15229],[72.92404,19.15172],[72.92379,19.15374],[72.92381,19.1541],[72.92388,19.1543],[72.92402,19.15438],[72.92477,19.15432],[72.92511,19.1544],[72.9255,19.15465],[72.92569,19.15502],[72.92582,19.15557],[72.92594,19.15648],[72.92593,19.15684],[72.92604,19.15733],[72.92611,19.15748],[72.9268,19.15822],[72.92743,19.15936],[72.92743,19.15979],[72.92687,19.16068],[72.9266,19.16097],[72.92643,19.16136],[72.92646,19.16185],[72.92719,19.16317],[72.92739,19.16364],[72.92741,19.16394],[72.92701,19.16444],[72.92694,19.16467],[72.92698,19.16487],[72.92767,19.16567],[72.92816,19.16599],[72.92842,19.16626],[72.92905,19.16711],[72.93123,19.16733],[72.93163,19.16724],[72.93234,19.16686],[72.93323,19.16616],[72.93055,19.16114],[72.92998,19.16015],[72.9298,19.15974],[72.92969,19.1592],[72.92957,19.15709],[72.92943,19.15653],[72.92896,19.15514]]]}},{"type":"Feature","properties":{"village":"Ward No 11","taluka":"Mumbai Suburban","district":"Mumbai Suburban","lgd":"0","type":"Ward"},"geometry":{"type":"Polygon","coordinates":[[[72.86328,19.23697],[72.86337,19.23701],[72.86341,19.23712],[72.86368,19.23878],[72.86474,19.23859],[72.86575,19.23849],[72.86604,19.23839],[72.86697,19.23845],[72.86769,19.23831],[72.86806,19.23818],[72.86923,19.23807],[72.86977,19.23796],[72.87033,19.23791],[72.87131,19.23792],[72.87156,19.23802],[72.87232,19.23818],[72.8727,19.23818],[72.87332,19.23793],[72.87354,19.23793],[72.87387,19.23803],[72.87149,19.23391],[72.87163,19.23321],[72.87193,19.23227],[72.87204,19.2311],[72.87189,19.2298],[72.87145,19.22849],[72.87113,19.22821],[72.8703,19.22847],[72.86922,19.22897],[72.86527,19.23151],[72.86362,19.23303],[72.86201,19.23364],[72.86186,19.23384],[72.86149,19.23454],[72.85892,19.23538],[72.85695,19.23121],[72.85815,19.23747],[72.85865,19.23762],[72.85886,19.23783],[72.85901,19.2382],[72.85913,19.23888],[72.85924,19.23911],[72.85936,19.23916],[72.85987,19.2392],[72.86023,19.23913],[72.86068,19.23896],[72.86113,19.23866],[72.86318,19.23701],[72.86328,19.23697]]]}},{"type":"Feature","properties":{"village":"Ward No 110","taluka":"Mumbai Suburban","district":"Mumbai Suburban","lgd":"0","type":"Ward"},"geometry":{"type":"Polygon","coordinates":[[[72.94681,19.15967],[72.94636,19.15798],[72.94641,19.15761],[72.94661,19.15726],[72.94706,19.1569],[72.94822,19.15652],[72.9475,19.15524],[72.94579,19.15262],[72.94428,19.15047],[72.94382,19.15081],[72.94367,19.15108],[72.94353,19.15156],[72.94332,19.15166],[72.94265,19.15172],[72.94121,19.15227],[72.94017,19.15238],[72.93961,19.15233],[72.93949,19.15228],[72.93922,19.15202],[72.939,19.15158],[72.93818,19.15174],[72.9376,19.15178],[72.93674,19.15168],[72.93657,19.15168],[72.93642,19.15176],[72.93554,19.15326],[72.93521,19.15444],[72.93467,19.15679],[72.93462,19.15704],[72.93465,19.15775],[72.9346,19.15786],[72.93403,19.15817],[72.93373,19.15878],[72.93354,19.15904],[72.93326,19.15917],[72.93287,19.15917],[72.93263,19.15908],[72.93206,19.15863],[72.93139,19.15906],[72.93073,19.15955],[72.93059,19.16045],[72.93051,19.1606],[72.93033,19.16075],[72.93323,19.16616],[72.93333,19.16582],[72.93455,19.16521],[72.93662,19.16403],[72.93738,19.16376],[72.93873,19.16367],[72.93973,19.16336],[72.94199,19.16249],[72.94651,19.16043],[72.94677,19.16009],[72.94681,19.15967]]]}},{"type":"Feature","properties":{"village":"Ward No 111","taluka":"Mumbai Suburban","district":"Mumbai Suburban","lgd":"0","type":"Ward"},"geometry":{"type":"Polygon","coordinates":[[[72.95655,19.15044],[72.95708,19.15038],[72.95794,19.15039],[72.95848,19.15031],[72.95887,19.15017],[72.9593,19.14992],[72.95981,19.14946],[72.96053,19.14907],[72.96096,19.14874],[72.96109,19.14852],[72.9612,19.14788],[72.96121,19.14725],[72.96116,19.147],[72.96099,19.14673],[72.96073,19.14653],[72.96014,19.14622],[72.95998,19.14606],[72.95988,19.14589],[72.95986,19.14568],[72.95995,19.14523],[72.9601,19.14498],[72.96058,19.14467],[72.9609,19.14449],[72.9613,19.14438],[72.96227,19.14449],[72.96298,19.14463],[72.96321,19.14461],[72.96337,19.1445],[72.96349,19.14434],[72.96587,19.13916],[72.97532,19.13579],[72.97461,19.13412],[72.97343,19.13097],[72.97234,19.12729],[72.96086,19.12737],[72.95758,19.12734],[72.95499,19.12711],[72.95421,19.12714],[72.95051,19.12805],[72.94804,19.12828],[72.94476,19.12834],[72.94075,19.12807],[72.94178,19.12959],[72.94113,19.1306],[72.94094,19.1311],[72.94059,19.13404],[72.93915,19.13382],[72.93801,19.13391],[72.93765,19.13567],[72.93736,19.13615],[72.93697,19.13645],[72.93601,19.13695],[72.93651,19.13791],[72.93603,19.13822],[72.93535,19.13848],[72.94428,19.15047],[72.94579,19.15262],[72.9475,19.15524],[72.94822,19.15652],[72.95649,19.15466],[72.95653,19.15458],[72.9565,19.1545],[72.95453,19.1516],[72.95494,19.15115],[72.95529,19.1509],[72.95574,19.15068],[72.95655,19.15044]]]}},{"type":"Feature","properties":{"village":"Ward No 112","taluka":"Mumbai Suburban","district":"Mumbai Suburban","lgd":"0","type":"Ward"},"geometry":{"type":"Polygon","coordinates":[[[72.94287,19.15168],[72.94332,19.15166],[72.94353,19.15156],[72.94367,19.15108],[72.94382,19.15081],[72.94428,19.15047],[72.93535,19.13848],[72.93044,19.13269],[72.92834,19.13377],[72.92868,19.13438],[72.93171,19.14116],[72.93263,19.14226],[72.93184,19.14283],[72.93157,19.14296],[72.9301,19.14341],[72.92976,19.14358],[72.92885,19.14418],[72.92852,19.14432],[72.92839,19.14445],[72.92843,19.14495],[72.9287,19.14608],[72.92927,19.14733],[72.92951,19.14769],[72.93048,19.1484],[72.93147,19.14898],[72.9376,19.15178],[72.93818,19.15174],[72.939,19.15158],[72.93922,19.15202],[72.93949,19.15228],[72.93978,19.15236],[72.94017,19.15238],[72.94135,19.15224],[72.94235,19.15181],[72.94287,19.15168]]]}},{"type":"Feature","properties":{"village":"Ward No 113","taluka":"Mumbai Suburban","district":"Mumbai Suburban","lgd":"0","type":"Ward"},"geometry":{"type":"Polygon","coordinates":[[[72.93051,19.1606],[72.93064,19.16026],[72.93073,19.15955],[72.93139,19.15906],[72.93206,19.15863],[72.93263,19.15908],[72.93287,19.15917],[72.93326,19.15917],[72.93354,19.15904],[72.93373,19.15878],[72.93403,19.15817],[72.9346,19.15786],[72.93465,19.15775],[72.93462,19.15704],[72.93467,19.15679],[72.93521,19.15444],[72.93554,19.15326],[72.93642,19.15176],[72.93657,19.15168],[72.93674,19.15168],[72.9376,19.15178],[72.93147,19.14898],[72.93001,19.14949],[72.93001,19.14973],[72.92976,19.15016],[72.92967,19.15045],[72.92966,19.1509],[72.9299,19.15181],[72.92901,19.15216],[72.92945,19.15331],[72.92945,19.15366],[72.92953,19.15399],[72.9299,19.15449],[72.92896,19.15512],[72.92943,19.15653],[72.92957,19.15709],[72.92969,19.1592],[72.9298,19.15974],[72.92998,19.16015],[72.93033,19.16075],[72.93051,19.1606]]]}},{"type":"Feature","properties":{"village":"Ward No 114","taluka":"Mumbai Suburban","district":"Mumbai Suburban","lgd":"0","type":"Ward"},"geometry":{"type":"Polygon","coordinates":[[[72.92893,19.14812],[72.92855,19.14799],[72.92834,19.14803],[72.92805,19.14801],[72.92728,19.14752],[72.92682,19.14708],[72.92668,19.147],[72.9265,19.147],[72.9256,19.14725],[72.92552,19.14679],[72.92546,19.14588],[72.92539,19.14578],[72.92505,19.14575],[72.92266,19.14611],[72.92291,19.14649],[72.92419,19.15076],[72.92404,19.15172],[72.92628,19.15229],[72.92676,19.15257],[72.92777,19.15334],[72.92822,19.1538],[72.92877,19.15471],[72.92896,19.15512],[72.9299,19.15449],[72.92953,19.15399],[72.92945,19.15366],[72.92945,19.15331],[72.92901,19.15216],[72.9299,19.15181],[72.92966,19.1509],[72.92967,19.15045],[72.92976,19.15016],[72.93001,19.14973],[72.93002,19.14957],[72.93001,19.14949],[72.92893,19.14812]]]}},{"type":"Feature","properties":{"village":"Ward No 115","taluka":"Mumbai Suburban","district":"Mumbai Suburban","lgd":"0","type":"Ward"},"geometry":{"type":"Polygon","coordinates":[[[72.93147,19.14898],[72.93048,19.1484],[72.92951,19.14769],[72.92927,19.14733],[72.9287,19.14608],[72.92843,19.14495],[72.92839,19.14445],[72.92852,19.14432],[72.92885,19.14418],[72.92976,19.14358],[72.9301,19.14341],[72.93157,19.14296],[72.93184,19.14283],[72.93263,19.14226],[72.93171,19.14116],[72.93096,19.13944],[72.93023,19.13953],[72.92943,19.13938],[72.92908,19.13937],[72.92892,19.1394],[72.92841,19.13967],[72.92759,19.1395],[72.92703,19.13948],[72.92677,19.13937],[72.92669,19.13939],[72.92632,19.13983],[72.92603,19.13999],[72.92597,19.14006],[72.92601,19.14018],[72.92627,19.14036],[72.92633,19.14053],[72.92628,19.14057],[72.92598,19.14058],[72.92577,19.14069],[72.92542,19.14115],[72.92538,19.14126],[72.92539,19.1416],[72.92525,19.14172],[72.92484,19.14183],[72.92479,19.142],[72.92457,19.14237],[72.92422,19.14372],[72.92387,19.1441],[72.9238,19.14425],[72.92399,19.14591],[72.92505,19.14575],[72.92539,19.14578],[72.92546,19.14588],[72.92552,19.14679],[72.9256,19.14725],[72.9265,19.147],[72.92668,19.147],[72.92682,19.14708],[72.92728,19.14752],[72.92805,19.14801],[72.92834,19.14803],[72.92855,19.14799],[72.92881,19.14804],[72.92893,19.14812],[72.93001,19.14949],[72.93147,19.14898]]]}},{"type":"Feature","properties":{"village":"Ward No 116","taluka":"Mumbai Suburban","district":"Mumbai Suburban","lgd":"0","type":"Ward"},"geometry":{"type":"Polygon","coordinates":[[[72.92598,19.14058],[72.92628,19.14057],[72.92633,19.14047],[72.9262,19.14028],[72.92601,19.14018],[72.92597,19.14006],[72.92603,19.13999],[72.92632,19.13983],[72.92669,19.13939],[72.92677,19.13937],[72.92703,19.13948],[72.92759,19.1395],[72.92841,19.13967],[72.92892,19.1394],[72.92908,19.13937],[72.92943,19.13938],[72.93023,19.13953],[72.93096,19.13944],[72.92868,19.13438],[72.92546,19.12856],[72.92539,19.12804],[72.92545,19.12491],[72.92264,19.12537],[72.92218,19.12549],[72.92192,19.12567],[72.92149,19.12613],[72.92089,19.12772],[72.92082,19.12804],[72.92069,19.12827],[72.92051,19.12844],[72.92032,19.12853],[72.92008,19.12855],[72.91983,19.12847],[72.91959,19.13135],[72.91944,19.13228],[72.91909,19.13596],[72.91877,19.13727],[72.91883,19.13886],[72.91872,19.1391],[72.91857,19.13927],[72.91792,19.13966],[72.91764,19.13976],[72.91705,19.13986],[72.91692,19.14004],[72.9168,19.1406],[72.91702,19.14169],[72.91762,19.14178],[72.91844,19.14211],[72.91932,19.14294],[72.91982,19.14353],[72.9213,19.14456],[72.92266,19.14611],[72.92399,19.14591],[72.92379,19.14434],[72.92383,19.14417],[72.92422,19.14372],[72.92457,19.14237],[72.92479,19.142],[72.92484,19.14183],[72.92525,19.14172],[72.92539,19.1416],[72.92538,19.14126],[72.92551,19.14098],[72.92577,19.14069],[72.92598,19.14058]]]}},{"type":"Feature","properties":{"village":"Ward No 117","taluka":"Mumbai Suburban","district":"Mumbai Suburban","lgd":"0","type":"Ward"},"geometry":{"type":"Polygon","coordinates":[[[72.93801,19.13391],[72.93915,19.13382],[72.94059,19.13404],[72.94094,19.1311],[72.94113,19.1306],[72.94178,19.12959],[72.94075,19.12807],[72.94018,19.12704],[72.93672,19.11868],[72.93226,19.11914],[72.93284,19.12472],[72.92815,19.12491],[72.92814,19.12545],[72.92827,19.12747],[72.9285,19.12834],[72.92886,19.12939],[72.93044,19.13269],[72.93535,19.13848],[72.93603,19.13822],[72.93651,19.13791],[72.93601,19.13695],[72.93697,19.13645],[72.93736,19.13615],[72.93765,19.13567],[72.93801,19.13391]]]}},{"type":"Feature","properties":{"village":"Ward No 118","taluka":"Mumbai Suburban","district":"Mumbai Suburban","lgd":"0","type":"Ward"},"geometry":{"type":"Polygon","coordinates":[[[72.95421,19.12714],[72.95499,19.12711],[72.95758,19.12734],[72.96086,19.12737],[72.97234,19.12729],[72.97053,19.12088],[72.96932,19.11696],[72.96719,19.11032],[72.96652,19.10714],[72.96625,19.10434],[72.96587,19.10186],[72.9657,19.09993],[72.96557,19.09309],[72.9583,19.10038],[72.95594,19.10303],[72.95341,19.10549],[72.95294,19.10609],[72.95135,19.10709],[72.94725,19.11005],[72.94628,19.11094],[72.94474,19.11276],[72.94436,19.11346],[72.94415,19.1137],[72.94338,19.11422],[72.94257,19.11452],[72.94185,19.11449],[72.94117,19.1143],[72.94038,19.1139],[72.93768,19.1134],[72.93668,19.11311],[72.93629,19.11289],[72.93611,19.1127],[72.93491,19.11088],[72.9347,19.11073],[72.93426,19.1106],[72.9341,19.11047],[72.93342,19.10889],[72.93201,19.10941],[72.933,19.11246],[72.93162,19.11289],[72.93226,19.11914],[72.93672,19.11868],[72.94018,19.12704],[72.94075,19.12807],[72.94476,19.12834],[72.94804,19.12828],[72.95051,19.12805],[72.95421,19.12714]]]}},{"type":"Feature","properties":{"village":"Ward No 119","taluka":"Mumbai Suburban","district":"Mumbai Suburban","lgd":"0","type":"Ward"},"geometry":{"type":"Polygon","coordinates":[[[72.93284,19.12472],[72.93162,19.11289],[72.933,19.11246],[72.93201,19.10941],[72.9286,19.11059],[72.9287,19.11144],[72.92861,19.11335],[72.92844,19.11507],[72.92823,19.11958],[72.92815,19.12491],[72.93284,19.12472]]]}},{"type":"Feature","properties":{"village":"Ward No 12","taluka":"Mumbai Suburban","district":"Mumbai Suburban","lgd":"0","type":"Ward"},"geometry":{"type":"Polygon","coordinates":[[[72.88935,19.24967],[72.89135,19.24956],[72.89132,19.24972],[72.89269,19.24998],[72.89313,19.24983],[72.89334,19.24655],[72.89334,19.24157],[72.89321,19.23911],[72.89304,19.23884],[72.89281,19.23868],[72.89243,19.23856],[72.8908,19.2386],[72.88828,19.23889],[72.88519,19.23893],[72.88353,19.23867],[72.88315,19.2378],[72.88278,19.23563],[72.88254,19.23303],[72.88215,19.23016],[72.88198,19.22726],[72.88202,19.22491],[72.87885,19.22336],[72.87857,19.22305],[72.8784,19.2227],[72.87726,19.21945],[72.87715,19.21878],[72.87685,19.21844],[72.87643,19.21848],[72.87605,19.21864],[72.87322,19.22037],[72.87162,19.22224],[72.87101,19.22223],[72.87067,19.2218],[72.87043,19.2216],[72.86995,19.22146],[72.86893,19.22142],[72.86895,19.21999],[72.86755,19.21996],[72.8675,19.21956],[72.86579,19.21947],[72.86313,19.22724],[72.863,19.22801],[72.86303,19.23326],[72.86362,19.23303],[72.86527,19.23151],[72.86922,19.22897],[72.8703,19.22847],[72.87113,19.22821],[72.87145,19.22849],[72.87189,19.2298],[72.87204,19.2311],[72.87193,19.23227],[72.87163,19.23321],[72.87149,19.23391],[72.87395,19.23816],[72.87415,19.23865],[72.87441,19.23956],[72.87477,19.24112],[72.87515,19.24337],[72.87536,19.24496],[72.87479,19.24719],[72.87468,19.24796],[72.87469,19.24828],[72.87473,19.2485],[72.87486,19.2488],[72.87518,19.24927],[72.87663,19.24994],[72.8781,19.25012],[72.87908,19.25036],[72.87941,19.25055],[72.87993,19.25105],[72.88055,19.2513],[72.88098,19.25135],[72.88142,19.25149],[72.88174,19.25165],[72.88229,19.25215],[72.88278,19.25247],[72.88334,19.25272],[72.88398,19.25283],[72.88534,19.25277],[72.88833,19.24981],[72.88935,19.24967]]]}},{"type":"Feature","properties":{"village":"Ward No 120","taluka":"Mumbai Suburban","district":"Mumbai Suburban","lgd":"0","type":"Ward"},"geometry":{"type":"Polygon","coordinates":[[[72.92814,19.12545],[72.92823,19.11958],[72.92844,19.11507],[72.92861,19.11335],[72.9287,19.11144],[72.9286,19.11059],[72.92677,19.11091],[72.92555,19.11106],[72.92522,19.11031],[72.92475,19.10947],[72.92389,19.10816],[72.9215,19.10489],[72.91993,19.10262],[72.91744,19.10435],[72.91785,19.10536],[72.91696,19.10574],[72.91538,19.106],[72.91567,19.10712],[72.91692,19.10909],[72.91755,19.11029],[72.91866,19.11046],[72.91938,19.11078],[72.91962,19.11125],[72.92012,19.11247],[72.92016,19.11301],[72.92043,19.11381],[72.92082,19.11441],[72.92103,19.11561],[72.92101,19.11808],[72.92107,19.11843],[72.92128,19.11879],[72.92157,19.1191],[72.92166,19.11955],[72.92068,19.12278],[72.92061,19.12356],[72.92062,19.12482],[72.9207,19.12574],[72.92093,19.12693],[72.92094,19.12725],[72.92089,19.12772],[72.92149,19.12613],[72.92192,19.12567],[72.92218,19.12549],[72.92264,19.12537],[72.92545,19.12491],[72.92539,19.12804],[72.92546,19.12856],[72.92834,19.13377],[72.93044,19.13269],[72.92886,19.12939],[72.9285,19.12834],[72.92827,19.12747],[72.92814,19.12545]]]}},{"type":"Feature","properties":{"village":"Ward No 121","taluka":"Mumbai Suburban","district":"Mumbai Suburban","lgd":"0","type":"Ward"},"geometry":{"type":"Polygon","coordinates":[[[72.91487,19.14172],[72.91618,19.14158],[72.91702,19.14169],[72.9168,19.1406],[72.91697,19.13994],[72.91714,19.13983],[72.91764,19.13976],[72.91792,19.13966],[72.91857,19.13927],[72.91881,19.13892],[72.91883,19.13857],[72.91876,19.1376],[72.91877,19.13727],[72.91909,19.13596],[72.91944,19.13228],[72.91959,19.13135],[72.91983,19.12847],[72.91934,19.12768],[72.91714,19.12531],[72.91674,19.12495],[72.91604,19.1247],[72.91192,19.12357],[72.90969,19.12382],[72.90939,19.12377],[72.90919,19.12368],[72.90885,19.12339],[72.90873,19.12319],[72.90828,19.1214],[72.90803,19.12102],[72.90766,19.12072],[72.90658,19.12017],[72.90573,19.11979],[72.90421,19.1193],[72.90332,19.11918],[72.90303,19.11921],[72.89999,19.12],[72.89963,19.12016],[72.89936,19.12035],[72.89912,19.12065],[72.89858,19.12179],[72.89823,19.12271],[72.89788,19.12325],[72.89713,19.12391],[72.89666,19.1242],[72.89574,19.1245],[72.89576,19.1249],[72.89549,19.12497],[72.89529,19.12511],[72.89492,19.1256],[72.89378,19.12644],[72.89337,19.12593],[72.893,19.12496],[72.89282,19.12501],[72.89205,19.12528],[72.89017,19.12624],[72.88951,19.12673],[72.88941,19.12671],[72.88781,19.12793],[72.88776,19.12804],[72.88751,19.12825],[72.88673,19.12878],[72.8875,19.12918],[72.88822,19.1294],[72.88923,19.12995],[72.88964,19.13038],[72.89059,19.13213],[72.89106,19.13354],[72.8912,19.13453],[72.89115,19.13486],[72.891,19.13512],[72.89223,19.1361],[72.89267,19.13663],[72.89288,19.13672],[72.89336,19.13675],[72.89356,19.13681],[72.89361,19.13722],[72.8938,19.13756],[72.89391,19.13765],[72.89429,19.13778],[72.89433,19.13792],[72.89414,19.13825],[72.89411,19.13842],[72.89414,19.13861],[72.89436,19.13902],[72.89436,19.13915],[72.89407,19.13959],[72.89395,19.13962],[72.89397,19.14034],[72.89416,19.14073],[72.89509,19.14158],[72.89571,19.14057],[72.89857,19.13862],[72.899,19.13816],[72.89945,19.13788],[72.89964,19.13782],[72.90037,19.13776],[72.90077,19.13786],[72.90101,19.138],[72.90116,19.13815],[72.90129,19.1384],[72.90148,19.13919],[72.90184,19.13976],[72.90212,19.14008],[72.90223,19.14014],[72.90255,19.14017],[72.90291,19.13987],[72.90303,19.13948],[72.90323,19.13924],[72.90357,19.13926],[72.90379,19.13941],[72.90417,19.13978],[72.90447,19.13989],[72.90473,19.13979],[72.90509,19.13949],[72.90543,19.13945],[72.90572,19.13934],[72.90588,19.13919],[72.90597,19.13889],[72.90594,19.13866],[72.90572,19.13807],[72.90579,19.1378],[72.90607,19.13766],[72.90693,19.13758],[72.90749,19.13727],[72.90796,19.13689],[72.90825,19.13677],[72.90866,19.13678],[72.90894,19.13686],[72.90919,19.1371],[72.90948,19.13726],[72.90974,19.13737],[72.91058,19.1376],[72.9112,19.13766],[72.913,19.13752],[72.91331,19.13757],[72.9135,19.13773],[72.91356,19.13799],[72.91381,19.13837],[72.91417,19.13867],[72.91439,19.13871],[72.91498,19.13848],[72.91543,19.13814],[72.91581,19.13794],[72.91628,19.13785],[72.91685,19.1379],[72.91207,19.14057],[72.91259,19.14061],[72.91324,19.14099],[72.91376,19.14136],[72.91487,19.14172]]]}},{"type":"Feature","properties":{"village":"Ward No 122","taluka":"Mumbai Suburban","district":"Mumbai Suburban","lgd":"0","type":"Ward"},"geometry":{"type":"Polygon","coordinates":[[[72.92082,19.12804],[72.92094,19.12725],[72.92084,19.12632],[72.9207,19.12574],[72.92062,19.12482],[72.92061,19.12356],[72.92068,19.12278],[72.92166,19.11955],[72.92157,19.1191],[72.92128,19.11879],[72.92107,19.11843],[72.92101,19.11808],[72.92103,19.11561],[72.92082,19.11441],[72.92043,19.11381],[72.92016,19.11301],[72.92012,19.11247],[72.91962,19.11125],[72.91938,19.11078],[72.91866,19.11046],[72.91848,19.11272],[72.91845,19.11367],[72.91843,19.11453],[72.91851,19.11514],[72.91851,19.11614],[72.91681,19.1167],[72.91514,19.11707],[72.91501,19.11451],[72.91473,19.11336],[72.91405,19.11166],[72.91352,19.1106],[72.91281,19.10983],[72.91195,19.10916],[72.90878,19.10768],[72.90729,19.10997],[72.90651,19.11087],[72.90493,19.11162],[72.90465,19.11196],[72.90456,19.11217],[72.9045,19.11317],[72.90449,19.11535],[72.90428,19.11574],[72.90279,19.11778],[72.90246,19.11809],[72.90067,19.11888],[72.89839,19.12003],[72.89625,19.12096],[72.89599,19.12118],[72.89582,19.12146],[72.89576,19.12168],[72.89572,19.12242],[72.89574,19.1245],[72.89666,19.1242],[72.89713,19.12391],[72.89788,19.12325],[72.89823,19.12271],[72.89858,19.12179],[72.89912,19.12065],[72.89936,19.12035],[72.89963,19.12016],[72.89999,19.12],[72.90303,19.11921],[72.90332,19.11918],[72.90421,19.1193],[72.90573,19.11979],[72.90658,19.12017],[72.90766,19.12072],[72.90786,19.12086],[72.90803,19.12102],[72.90828,19.1214],[72.90873,19.12319],[72.90885,19.12339],[72.90919,19.12368],[72.90939,19.12377],[72.90969,19.12382],[72.91192,19.12357],[72.91644,19.12483],[72.91674,19.12495],[72.91691,19.12509],[72.91805,19.12628],[72.91934,19.12768],[72.91983,19.12847],[72.92012,19.12855],[72.92041,19.1285],[72.92065,19.12832],[72.92082,19.12804]]]}},{"type":"Feature","properties":{"village":"Ward No 123","taluka":"Mumbai Suburban","district":"Mumbai Suburban","lgd":"0","type":"Ward"},"geometry":{"type":"Polygon","coordinates":[[[72.91422,19.10694],[72.91289,19.10519],[72.91248,19.10542],[72.91201,19.10487],[72.91139,19.10389],[72.9107,19.10347],[72.91048,19.10326],[72.91025,19.10287],[72.90974,19.10307],[72.90965,19.10295],[72.90893,19.10319],[72.90868,19.1032],[72.90812,19.10338],[72.90723,19.10246],[72.90655,19.10151],[72.90644,19.1012],[72.90516,19.10156],[72.90594,19.10425],[72.90878,19.10768],[72.91195,19.10916],[72.91281,19.10983],[72.91352,19.1106],[72.91405,19.11166],[72.91473,19.11336],[72.91501,19.11451],[72.91514,19.11707],[72.91602,19.11687],[72.91629,19.11587],[72.91642,19.11567],[72.91655,19.11561],[72.91676,19.11499],[72.91673,19.11481],[72.9164,19.11417],[72.9163,19.11385],[72.91619,19.11243],[72.9161,19.11187],[72.91597,19.11151],[72.91599,19.11143],[72.9162,19.11131],[72.91622,19.11121],[72.91601,19.1106],[72.91592,19.11008],[72.91559,19.10937],[72.91531,19.10855],[72.91488,19.10814],[72.91462,19.1078],[72.91422,19.10694]]]}},{"type":"Feature","properties":{"village":"Ward No 124","taluka":"Mumbai Suburban","district":"Mumbai Suburban","lgd":"0","type":"Ward"},"geometry":{"type":"Polygon","coordinates":[[[72.91785,19.10536],[72.91744,19.10435],[72.91993,19.10262],[72.9215,19.10489],[72.92389,19.10816],[72.92475,19.10947],[72.92522,19.11031],[72.92555,19.11106],[72.92677,19.11091],[72.9286,19.11059],[72.92753,19.1065],[72.92674,19.10454],[72.9258,19.10266],[72.92475,19.1011],[72.92241,19.09839],[72.91892,19.09485],[72.91859,19.09606],[72.91871,19.09685],[72.91879,19.09842],[72.91862,19.0989],[72.91869,19.10015],[72.91839,19.09994],[72.9165,19.09794],[72.91482,19.09939],[72.91388,19.10005],[72.91165,19.10126],[72.91167,19.10263],[72.91139,19.10389],[72.91201,19.10487],[72.91226,19.10519],[72.91248,19.10542],[72.91289,19.10519],[72.91422,19.10694],[72.91462,19.1078],[72.91488,19.10814],[72.91531,19.10855],[72.91559,19.10937],[72.91592,19.11008],[72.91601,19.1106],[72.91622,19.11121],[72.9162,19.11131],[72.91599,19.11143],[72.91597,19.11151],[72.9161,19.11187],[72.91619,19.11243],[72.9163,19.11385],[72.9164,19.11417],[72.91676,19.11493],[72.91655,19.11561],[72.91642,19.11567],[72.91629,19.11587],[72.91602,19.11687],[72.91681,19.1167],[72.91851,19.11614],[72.91851,19.11514],[72.91843,19.11453],[72.91845,19.11367],[72.91848,19.11272],[72.91866,19.11046],[72.91755,19.11029],[72.91692,19.10909],[72.91567,19.10712],[72.91538,19.106],[72.91696,19.10574],[72.91785,19.10536]]]}},{"type":"Feature","properties":{"village":"Ward No 13","taluka":"Mumbai Suburban","district":"Mumbai Suburban","lgd":"0","type":"Ward"},"geometry":{"type":"Polygon","coordinates":[[[72.86313,19.22724],[72.86519,19.2212],[72.86042,19.22107],[72.86021,19.22112],[72.86005,19.22129],[72.85999,19.22201],[72.85962,19.22408],[72.85793,19.22397],[72.85548,19.22365],[72.85695,19.23121],[72.85892,19.23538],[72.86149,19.23454],[72.86186,19.23384],[72.86201,19.23364],[72.86303,19.23326],[72.863,19.22801],[72.86313,19.22724]]]}},{"type":"Feature","properties":{"village":"Ward No 14","taluka":"Mumbai Suburban","district":"Mumbai Suburban","lgd":"0","type":"Ward"},"geometry":{"type":"Polygon","coordinates":[[[72.88315,19.21988],[72.88328,19.21674],[72.88315,19.21559],[72.88208,19.21385],[72.88167,19.21342],[72.88085,19.2128],[72.88005,19.21233],[72.87965,19.21232],[72.8795,19.21245],[72.87834,19.21407],[72.87801,19.21444],[72.87779,19.21451],[72.86959,19.21455],[72.86894,19.21446],[72.86624,19.21371],[72.86409,19.21324],[72.86331,19.21314],[72.85963,19.21293],[72.85951,19.21298],[72.85947,19.21346],[72.85939,19.21352],[72.85893,19.21349],[72.85835,19.21336],[72.8574,19.21341],[72.85694,19.21326],[72.85658,19.21328],[72.8564,19.21345],[72.85578,19.21445],[72.8556,19.21463],[72.85545,19.21468],[72.85529,19.21467],[72.855,19.21455],[72.85436,19.21412],[72.85387,19.21394],[72.85357,19.2139],[72.85548,19.22365],[72.85793,19.22397],[72.85962,19.22408],[72.85999,19.22201],[72.86005,19.22129],[72.86021,19.22112],[72.86042,19.22107],[72.86519,19.2212],[72.86579,19.21947],[72.8675,19.21956],[72.86755,19.21996],[72.86895,19.21999],[72.86893,19.22142],[72.86995,19.22146],[72.87043,19.2216],[72.87067,19.2218],[72.87101,19.22223],[72.87162,19.22224],[72.87322,19.22037],[72.87605,19.21864],[72.87643,19.21848],[72.87685,19.21844],[72.87715,19.21878],[72.87726,19.21945],[72.8784,19.2227],[72.87857,19.22305],[72.87885,19.22336],[72.88202,19.22491],[72.88243,19.22308],[72.88289,19.22134],[72.88315,19.21988]]]}},{"type":"Feature","properties":{"village":"Ward No 15","taluka":"Mumbai Suburban","district":"Mumbai Suburban","lgd":"0","type":"Ward"},"geometry":{"type":"Polygon","coordinates":[[[72.85747,19.23389],[72.85357,19.2139],[72.85164,19.21364],[72.85141,19.21366],[72.8512,19.21378],[72.8509,19.21433],[72.85079,19.21505],[72.8509,19.21604],[72.8512,19.21721],[72.84803,19.21707],[72.84796,19.22016],[72.84466,19.21994],[72.84466,19.22399],[72.84776,19.22385],[72.84784,19.22828],[72.84775,19.23045],[72.84952,19.23071],[72.85261,19.23087],[72.85259,19.23318],[72.85595,19.23385],[72.85747,19.23389]]]}},{"type":"Feature","properties":{"village":"Ward No 156","taluka":"Mumbai Suburban","district":"Mumbai Suburban","lgd":"0","type":"Ward"},"geometry":{"type":"Polygon","coordinates":[[[72.88781,19.12793],[72.88941,19.12671],[72.88951,19.12673],[72.89038,19.12612],[72.89205,19.12528],[72.893,19.12496],[72.89337,19.12593],[72.89378,19.12644],[72.89492,19.1256],[72.89529,19.12511],[72.89549,19.12497],[72.89576,19.1249],[72.89572,19.12242],[72.89576,19.12168],[72.89582,19.12146],[72.89599,19.12118],[72.89614,19.12105],[72.89544,19.12092],[72.89399,19.12042],[72.89347,19.11806],[72.89292,19.11818],[72.89311,19.11485],[72.89237,19.11414],[72.89138,19.11384],[72.89076,19.11334],[72.89,19.11282],[72.88959,19.11262],[72.88907,19.11247],[72.88862,19.11208],[72.88804,19.1107],[72.88795,19.11039],[72.88774,19.10892],[72.88779,19.10809],[72.88807,19.10737],[72.88815,19.10703],[72.88808,19.10611],[72.88721,19.10463],[72.88678,19.10408],[72.88616,19.10461],[72.88457,19.10633],[72.88585,19.10698],[72.88604,19.10717],[72.88618,19.10767],[72.88648,19.10821],[72.88665,19.10901],[72.88687,19.10961],[72.88614,19.11021],[72.88528,19.11073],[72.88512,19.11142],[72.88512,19.11163],[72.88528,19.11204],[72.8857,19.11283],[72.88641,19.11354],[72.88686,19.11388],[72.88693,19.11401],[72.88689,19.11436],[72.88668,19.11486],[72.88603,19.11591],[72.88575,19.11734],[72.88561,19.11835],[72.88595,19.11924],[72.88606,19.12017],[72.8862,19.12051],[72.88642,19.1208],[72.88667,19.12102],[72.88699,19.12121],[72.88801,19.1216],[72.88812,19.12176],[72.88814,19.12189],[72.88745,19.1225],[72.88734,19.12276],[72.88717,19.1236],[72.88668,19.12462],[72.88651,19.12555],[72.88638,19.12667],[72.88627,19.12691],[72.88602,19.12706],[72.88555,19.12711],[72.88487,19.1273],[72.88441,19.1276],[72.88415,19.12799],[72.88453,19.1281],[72.88489,19.12812],[72.88673,19.12878],[72.88751,19.12825],[72.88776,19.12804],[72.88781,19.12793]]]}},{"type":"Feature","properties":{"village":"Ward No 157","taluka":"Mumbai Suburban","district":"Mumbai Suburban","lgd":"0","type":"Ward"},"geometry":{"type":"Polygon","coordinates":[[[72.90246,19.11809],[72.90279,19.11778],[72.90428,19.11574],[72.90449,19.11535],[72.9045,19.11317],[72.90456,19.11217],[72.90465,19.11196],[72.90493,19.11162],[72.90651,19.11087],[72.90729,19.10997],[72.90878,19.10768],[72.90594,19.10425],[72.90465,19.1026],[72.90371,19.10311],[72.90257,19.10284],[72.90158,19.10251],[72.9009,19.10256],[72.90017,19.10309],[72.89997,19.10318],[72.89973,19.10315],[72.89933,19.10295],[72.89909,19.10291],[72.89676,19.10354],[72.89666,19.10362],[72.8966,19.10375],[72.89662,19.1039],[72.89683,19.10469],[72.89692,19.10539],[72.89709,19.10801],[72.8973,19.10916],[72.89796,19.11439],[72.89509,19.11474],[72.89311,19.11485],[72.89292,19.11818],[72.89347,19.11806],[72.89399,19.12042],[72.89505,19.1208],[72.89614,19.12105],[72.89625,19.12096],[72.89839,19.12003],[72.90067,19.11888],[72.90246,19.11809]]]}},{"type":"Feature","properties":{"village":"Ward No 158","taluka":"Mumbai Suburban","district":"Mumbai Suburban","lgd":"0","type":"Ward"},"geometry":{"type":"Polygon","coordinates":[[[72.89509,19.11474],[72.89796,19.11439],[72.8973,19.1093],[72.89607,19.10969],[72.89578,19.10867],[72.89509,19.10893],[72.89472,19.10826],[72.89436,19.10704],[72.89427,19.10651],[72.8939,19.10608],[72.89425,19.10577],[72.89452,19.1056],[72.89431,19.10525],[72.8938,19.10402],[72.89348,19.1022],[72.89352,19.10183],[72.89349,19.10145],[72.89332,19.10046],[72.89296,19.10023],[72.89216,19.10138],[72.892,19.10155],[72.89127,19.10101],[72.89062,19.10169],[72.89019,19.1012],[72.89013,19.10086],[72.88965,19.09983],[72.88911,19.09982],[72.88787,19.10006],[72.88796,19.1021],[72.88805,19.10241],[72.88849,19.10309],[72.88678,19.10408],[72.88721,19.10463],[72.88808,19.10611],[72.88815,19.10703],[72.88807,19.10737],[72.88779,19.10809],[72.88774,19.10892],[72.88795,19.11039],[72.8886,19.11204],[72.88876,19.11224],[72.88907,19.11247],[72.88959,19.11262],[72.89,19.11282],[72.89076,19.11334],[72.89138,19.11384],[72.89237,19.11414],[72.89311,19.11485],[72.89509,19.11474]]]}},{"type":"Feature","properties":{"village":"Ward No 159","taluka":"Mumbai Suburban","district":"Mumbai Suburban","lgd":"0","type":"Ward"},"geometry":{"type":"Polygon","coordinates":[[[72.8973,19.1093],[72.89704,19.10755],[72.89692,19.10539],[72.89683,19.10469],[72.8966,19.10375],[72.89666,19.10362],[72.89676,19.10354],[72.89909,19.10291],[72.89933,19.10295],[72.89973,19.10315],[72.89997,19.10318],[72.90017,19.10309],[72.9009,19.10256],[72.90158,19.10251],[72.90257,19.10284],[72.90371,19.10311],[72.90465,19.1026],[72.90414,19.10195],[72.90367,19.10172],[72.90291,19.10154],[72.90164,19.10076],[72.90091,19.0998],[72.89962,19.0974],[72.89941,19.0966],[72.89916,19.09621],[72.89907,19.09596],[72.89908,19.09491],[72.89918,19.09434],[72.89793,19.09507],[72.89593,19.09656],[72.89507,19.09728],[72.89501,19.09711],[72.89497,19.09655],[72.8943,19.09692],[72.89367,19.09738],[72.89305,19.09801],[72.89175,19.1003],[72.89127,19.10101],[72.892,19.10155],[72.89216,19.10138],[72.89296,19.10023],[72.89332,19.10046],[72.89349,19.10145],[72.89352,19.10183],[72.89348,19.1022],[72.8938,19.10402],[72.89431,19.10525],[72.89452,19.1056],[72.89425,19.10577],[72.8939,19.10608],[72.89427,19.10651],[72.89436,19.10704],[72.89476,19.10835],[72.89509,19.10893],[72.89578,19.10867],[72.89607,19.10969],[72.8973,19.1093]]]}},{"type":"Feature","properties":{"village":"Ward No 16","taluka":"Mumbai Suburban","district":"Mumbai Suburban","lgd":"0","type":"Ward"},"geometry":{"type":"Polygon","coordinates":[[[72.84428,19.23281],[72.84442,19.2304],[72.84775,19.23045],[72.84784,19.22828],[72.84776,19.22385],[72.84475,19.22399],[72.83538,19.22413],[72.83517,19.22403],[72.83486,19.22343],[72.83338,19.22365],[72.83187,19.22355],[72.83104,19.22358],[72.83042,19.22334],[72.82969,19.22276],[72.82945,19.2227],[72.82929,19.22272],[72.82836,19.2231],[72.82769,19.2236],[72.8292,19.23234],[72.83479,19.2313],[72.84116,19.23004],[72.84092,19.23325],[72.84428,19.23281]]]}},{"type":"Feature","properties":{"village":"Ward No 17","taluka":"Mumbai Suburban","district":"Mumbai Suburban","lgd":"0","type":"Ward"},"geometry":{"type":"Polygon","coordinates":[[[72.84466,19.22399],[72.84466,19.21994],[72.84796,19.22016],[72.84803,19.21707],[72.8512,19.21721],[72.8509,19.21604],[72.85079,19.21505],[72.8509,19.21433],[72.8512,19.21378],[72.85094,19.21375],[72.84968,19.21298],[72.8493,19.2128],[72.84646,19.21216],[72.84548,19.21216],[72.84211,19.21307],[72.84057,19.21377],[72.83914,19.21463],[72.83824,19.21505],[72.83622,19.21532],[72.83455,19.21535],[72.83468,19.22096],[72.83486,19.22343],[72.83519,19.22405],[72.83538,19.22413],[72.84466,19.22399]]]}},{"type":"Feature","properties":{"village":"Ward No 18","taluka":"Mumbai Suburban","district":"Mumbai Suburban","lgd":"0","type":"Ward"},"geometry":{"type":"Polygon","coordinates":[[[72.82933,19.22271],[72.82969,19.22276],[72.83042,19.22334],[72.83104,19.22358],[72.83187,19.22355],[72.83338,19.22365],[72.83486,19.22343],[72.83468,19.22096],[72.83455,19.21535],[72.82756,19.21538],[72.82468,19.21546],[72.82099,19.21566],[72.8134,19.2149],[72.81021,19.21469],[72.80742,19.21468],[72.80663,19.21748],[72.81344,19.22402],[72.81436,19.22433],[72.81633,19.22193],[72.81685,19.22163],[72.81752,19.2215],[72.81814,19.22148],[72.81885,19.22172],[72.81983,19.22256],[72.82063,19.22394],[72.82141,19.22485],[72.82221,19.22524],[72.82347,19.22537],[72.82487,19.22513],[72.82684,19.2244],[72.82769,19.2236],[72.82836,19.2231],[72.82933,19.22271]]]}},{"type":"Feature","properties":{"village":"Ward No 19","taluka":"Mumbai Suburban","district":"Mumbai Suburban","lgd":"0","type":"Ward"},"geometry":{"type":"Polygon","coordinates":[[[72.82099,19.21566],[72.82468,19.21546],[72.829,19.21538],[72.82889,19.21285],[72.82871,19.21039],[72.83057,19.21033],[72.8285,19.20537],[72.8283,19.20375],[72.82782,19.20386],[72.82581,19.20483],[72.82525,19.20404],[72.82508,19.20414],[72.82508,19.20454],[72.82478,19.20484],[72.82468,19.2051],[72.82454,19.20529],[72.8227,19.20606],[72.82238,19.20609],[72.82152,19.20584],[72.82081,19.20577],[72.82044,19.20565],[72.81999,19.20542],[72.81873,19.20512],[72.81742,19.205],[72.81667,19.20519],[72.81425,19.20633],[72.81128,19.20788],[72.81044,19.20845],[72.81005,19.20879],[72.80976,19.20912],[72.80931,19.20989],[72.80926,19.21029],[72.80929,19.21102],[72.8092,19.21134],[72.80885,19.21206],[72.80811,19.21292],[72.80785,19.21338],[72.80742,19.21468],[72.81021,19.21469],[72.8134,19.2149],[72.82099,19.21566]]]}},{"type":"Feature","properties":{"village":"Ward No 2","taluka":"Mumbai Suburban","district":"Mumbai Suburban","lgd":"0","type":"Ward"},"geometry":{"type":"Polygon","coordinates":[[[72.85781,19.26888],[72.85844,19.26843],[72.85894,19.26835],[72.85983,19.26784],[72.86094,19.26683],[72.86132,19.26687],[72.86192,19.26722],[72.86227,19.26787],[72.86282,19.26779],[72.86293,19.26728],[72.8634,19.26684],[72.86391,19.26671],[72.86437,19.26621],[72.86588,19.26681],[72.86613,19.26659],[72.86614,19.26612],[72.86561,19.26484],[72.86619,19.26392],[72.86648,19.26358],[72.86663,19.26353],[72.86669,19.26311],[72.86769,19.26199],[72.86839,19.26138],[72.86954,19.26075],[72.8696,19.26082],[72.86958,19.26094],[72.87023,19.26119],[72.87041,19.26116],[72.87066,19.26102],[72.87076,19.26117],[72.87127,19.26125],[72.87141,19.26118],[72.87149,19.26125],[72.87158,19.26118],[72.8718,19.26121],[72.87179,19.26131],[72.87202,19.26136],[72.87237,19.26107],[72.87244,19.26088],[72.87234,19.26018],[72.87209,19.25955],[72.87121,19.25758],[72.87017,19.25569],[72.86983,19.25588],[72.86933,19.25577],[72.86863,19.25547],[72.86675,19.25423],[72.86513,19.25306],[72.864,19.25188],[72.86279,19.25278],[72.86254,19.25292],[72.86183,19.2529],[72.86091,19.25261],[72.86016,19.25222],[72.86025,19.2508],[72.86043,19.24965],[72.85908,19.2496],[72.859,19.25204],[72.85837,19.25838],[72.85712,19.26876],[72.85781,19.26888]]]}},{"type":"Feature","properties":{"village":"Ward No 20","taluka":"Mumbai Suburban","district":"Mumbai Suburban","lgd":"0","type":"Ward"},"geometry":{"type":"Polygon","coordinates":[[[72.829,19.21538],[72.83622,19.21532],[72.83824,19.21505],[72.83914,19.21463],[72.83984,19.21421],[72.83781,19.21172],[72.83645,19.21289],[72.83594,19.2132],[72.83571,19.2133],[72.83535,19.21332],[72.83348,19.21368],[72.83319,19.21293],[72.83306,19.21276],[72.83272,19.21244],[72.83168,19.21186],[72.83167,19.21173],[72.83173,19.2116],[72.83196,19.21152],[72.83221,19.21128],[72.83277,19.21004],[72.83342,19.20988],[72.83366,19.20966],[72.83395,19.2091],[72.83417,19.20838],[72.83438,19.20813],[72.83486,19.2079],[72.83393,19.20323],[72.8306,19.20362],[72.8283,19.20375],[72.8285,19.20537],[72.83057,19.21033],[72.82871,19.21039],[72.82889,19.21285],[72.829,19.21538]]]}},{"type":"Feature","properties":{"village":"Ward No 21","taluka":"Mumbai Suburban","district":"Mumbai Suburban","lgd":"0","type":"Ward"},"geometry":{"type":"Polygon","coordinates":[[[72.84226,19.21237],[72.84109,19.21113],[72.83983,19.20955],[72.83953,19.20906],[72.83942,19.2088],[72.8394,19.20858],[72.83954,19.20769],[72.83948,19.20748],[72.83925,19.20735],[72.83796,19.20708],[72.83758,19.20682],[72.83725,19.20643],[72.83681,19.20573],[72.83573,19.20475],[72.83554,19.20451],[72.83547,19.20407],[72.83561,19.20365],[72.83629,19.20331],[72.83672,19.20263],[72.83687,19.20229],[72.83696,19.20184],[72.83696,19.20142],[72.83688,19.2011],[72.83671,19.20077],[72.8364,19.2007],[72.83537,19.20064],[72.83504,19.20052],[72.83476,19.20022],[72.83458,19.1996],[72.83431,19.19909],[72.83417,19.19903],[72.8337,19.19899],[72.83376,19.20131],[72.83393,19.20323],[72.83486,19.2079],[72.83438,19.20813],[72.83417,19.20838],[72.83395,19.2091],[72.83366,19.20966],[72.83342,19.20988],[72.83277,19.21004],[72.83221,19.21128],[72.83196,19.21152],[72.83173,19.2116],[72.83167,19.21173],[72.83168,19.21186],[72.83272,19.21244],[72.83306,19.21276],[72.83319,19.21293],[72.83348,19.21368],[72.83535,19.21332],[72.83571,19.2133],[72.83594,19.2132],[72.83645,19.21289],[72.83781,19.21172],[72.83984,19.21421],[72.84057,19.21377],[72.84211,19.21307],[72.84283,19.21285],[72.84226,19.21237]]]}},{"type":"Feature","properties":{"village":"Ward No 22","taluka":"Mumbai Suburban","district":"Mumbai Suburban","lgd":"0","type":"Ward"},"geometry":{"type":"Polygon","coordinates":[[[72.85357,19.2139],[72.85152,19.20299],[72.85081,19.20305],[72.84923,19.20303],[72.84947,19.20414],[72.84818,19.20459],[72.84645,19.20507],[72.84429,19.20558],[72.84238,19.20579],[72.84193,19.20574],[72.8417,19.20558],[72.84156,19.20532],[72.84147,19.20506],[72.84145,19.20346],[72.83916,19.20339],[72.8359,19.20351],[72.83561,19.20365],[72.83547,19.20407],[72.83554,19.20451],[72.83573,19.20475],[72.83681,19.20573],[72.83725,19.20643],[72.83758,19.20682],[72.83796,19.20708],[72.83925,19.20735],[72.83948,19.20748],[72.83954,19.20769],[72.8394,19.20858],[72.83942,19.2088],[72.83953,19.20906],[72.83983,19.20955],[72.84109,19.21113],[72.84226,19.21237],[72.84283,19.21285],[72.84548,19.21216],[72.84646,19.21216],[72.8493,19.2128],[72.84968,19.21298],[72.85094,19.21375],[72.85107,19.21379],[72.85124,19.21377],[72.85154,19.21363],[72.85357,19.2139]]]}},{"type":"Feature","properties":{"village":"Ward No 23","taluka":"Mumbai Suburban","district":"Mumbai Suburban","lgd":"0","type":"Ward"},"geometry":{"type":"Polygon","coordinates":[[[72.85658,19.21328],[72.85694,19.21326],[72.8574,19.21341],[72.85835,19.21336],[72.85893,19.21349],[72.85939,19.21352],[72.85947,19.21346],[72.85951,19.21298],[72.85963,19.21293],[72.86331,19.21314],[72.86311,19.21191],[72.86294,19.20994],[72.86269,19.20893],[72.86107,19.20905],[72.85917,19.20911],[72.8591,19.20939],[72.85892,19.20967],[72.85877,19.20981],[72.85781,19.21044],[72.85705,19.21056],[72.8565,19.21096],[72.85549,19.21143],[72.85537,19.21153],[72.8549,19.21168],[72.85487,19.21172],[72.85491,19.21188],[72.85483,19.21202],[72.8539,19.21235],[72.85337,19.21286],[72.85357,19.2139],[72.85387,19.21394],[72.85436,19.21412],[72.855,19.21455],[72.85529,19.21467],[72.85545,19.21468],[72.8556,19.21463],[72.85578,19.21445],[72.8564,19.21345],[72.85658,19.21328]]]}},{"type":"Feature","properties":{"village":"Ward No 24","taluka":"Mumbai Suburban","district":"Mumbai Suburban","lgd":"0","type":"Ward"},"geometry":{"type":"Polygon","coordinates":[[[72.86777,19.20903],[72.8673,19.20823],[72.86657,19.20728],[72.86415,19.20488],[72.86272,19.20354],[72.8618,19.20233],[72.8612,19.20142],[72.86034,19.20171],[72.85935,19.20166],[72.85831,19.2017],[72.85752,19.20181],[72.85552,19.20233],[72.85311,19.20258],[72.85287,19.20262],[72.85212,19.20289],[72.85152,19.20299],[72.85337,19.21286],[72.8539,19.21235],[72.85483,19.21202],[72.85491,19.21188],[72.85487,19.21172],[72.8549,19.21168],[72.85537,19.21153],[72.85549,19.21143],[72.8565,19.21096],[72.85705,19.21056],[72.85781,19.21044],[72.85877,19.20981],[72.85892,19.20967],[72.8591,19.20939],[72.85917,19.20911],[72.86107,19.20905],[72.86269,19.20893],[72.86294,19.20994],[72.86311,19.21191],[72.86331,19.21314],[72.86409,19.21324],[72.86624,19.21371],[72.86922,19.21451],[72.86959,19.21455],[72.87162,19.21455],[72.87217,19.214],[72.87266,19.21333],[72.87287,19.2128],[72.8729,19.21233],[72.87282,19.21226],[72.87194,19.21202],[72.87159,19.21179],[72.87121,19.21135],[72.87077,19.21044],[72.86917,19.2104],[72.86909,19.20942],[72.86791,19.20934],[72.86777,19.20903]]]}},{"type":"Feature","properties":{"village":"Ward No 25","taluka":"Mumbai Suburban","district":"Mumbai Suburban","lgd":"0","type":"Ward"},"geometry":{"type":"Polygon","coordinates":[[[72.87162,19.21455],[72.87779,19.21451],[72.87801,19.21444],[72.87834,19.21407],[72.8795,19.21245],[72.87965,19.21232],[72.8798,19.2123],[72.88005,19.21233],[72.88085,19.2128],[72.88167,19.21342],[72.88208,19.21385],[72.8846,19.20837],[72.88038,19.20765],[72.88045,19.20665],[72.87879,19.20663],[72.87877,19.20725],[72.87733,19.20764],[72.87731,19.20675],[72.87298,19.2068],[72.87264,19.20665],[72.87198,19.20674],[72.8715,19.2065],[72.86959,19.20655],[72.86581,19.20654],[72.86657,19.20728],[72.86688,19.20764],[72.86757,19.20866],[72.86791,19.20934],[72.86909,19.20942],[72.86917,19.2104],[72.87077,19.21044],[72.87121,19.21135],[72.87159,19.21179],[72.87194,19.21202],[72.87289,19.21231],[72.87292,19.21243],[72.87287,19.2128],[72.87266,19.21333],[72.87217,19.214],[72.87162,19.21455]]]}},{"type":"Feature","properties":{"village":"Ward No 26","taluka":"Mumbai Suburban","district":"Mumbai Suburban","lgd":"0","type":"Ward"},"geometry":{"type":"Polygon","coordinates":[[[72.8846,19.20837],[72.89112,19.19445],[72.89396,19.18803],[72.89128,19.18941],[72.88804,19.19079],[72.88339,19.19225],[72.88004,19.19276],[72.87656,19.19365],[72.87702,19.19412],[72.87854,19.19621],[72.8787,19.1967],[72.87882,19.1979],[72.87878,19.20154],[72.87519,19.20167],[72.87528,19.20249],[72.87539,19.20298],[72.8754,19.20335],[72.87532,19.20351],[72.87224,19.20405],[72.87173,19.20446],[72.87252,19.20506],[72.87251,19.20583],[72.87264,19.20665],[72.87298,19.2068],[72.87731,19.20675],[72.87733,19.20764],[72.87877,19.20725],[72.87879,19.20663],[72.88045,19.20665],[72.88038,19.20765],[72.8846,19.20837]]]}},{"type":"Feature","properties":{"village":"Ward No 27","taluka":"Mumbai Suburban","district":"Mumbai Suburban","lgd":"0","type":"Ward"},"geometry":{"type":"Polygon","coordinates":[[[72.87264,19.20665],[72.87251,19.20583],[72.87252,19.20506],[72.87173,19.20446],[72.87224,19.20405],[72.87532,19.20351],[72.8754,19.20335],[72.87539,19.20298],[72.87528,19.20249],[72.87519,19.20167],[72.87878,19.20154],[72.87882,19.1979],[72.8787,19.1967],[72.87854,19.19621],[72.87702,19.19412],[72.87656,19.19365],[72.87538,19.19418],[72.87467,19.19428],[72.87294,19.19427],[72.87147,19.19403],[72.8695,19.19383],[72.86855,19.19397],[72.86801,19.19399],[72.86838,19.19754],[72.8683,19.19809],[72.86814,19.19834],[72.86786,19.19934],[72.86763,19.19982],[72.86716,19.20058],[72.86668,19.20118],[72.86651,19.20128],[72.86614,19.20131],[72.86594,19.20152],[72.86517,19.20146],[72.86413,19.20134],[72.8638,19.20122],[72.86331,19.20081],[72.86266,19.20072],[72.86232,19.2008],[72.86197,19.20096],[72.8612,19.20142],[72.8618,19.20233],[72.86272,19.20354],[72.86415,19.20488],[72.86581,19.20654],[72.86959,19.20655],[72.8715,19.2065],[72.87198,19.20674],[72.87264,19.20665]]]}},{"type":"Feature","properties":{"village":"Ward No 28","taluka":"Mumbai Suburban","district":"Mumbai Suburban","lgd":"0","type":"Ward"},"geometry":{"type":"Polygon","coordinates":[[[72.86594,19.20152],[72.86614,19.20131],[72.86651,19.20128],[72.86668,19.20118],[72.86716,19.20058],[72.86763,19.19982],[72.86786,19.19934],[72.86814,19.19834],[72.8683,19.19809],[72.86838,19.19754],[72.86801,19.19399],[72.86748,19.19394],[72.86721,19.19372],[72.8666,19.19353],[72.86521,19.19336],[72.86492,19.19341],[72.86475,19.19339],[72.86496,19.19396],[72.86501,19.19426],[72.86497,19.19532],[72.86473,19.19639],[72.86467,19.19685],[72.86448,19.1975],[72.86444,19.19799],[72.86372,19.20082],[72.8638,19.20122],[72.86413,19.20134],[72.86594,19.20152]]]}},{"type":"Feature","properties":{"village":"Ward No 29","taluka":"Mumbai Suburban","district":"Mumbai Suburban","lgd":"0","type":"Ward"},"geometry":{"type":"Polygon","coordinates":[[[72.85831,19.2017],[72.85935,19.20166],[72.86034,19.20171],[72.8612,19.20142],[72.86197,19.20096],[72.86232,19.2008],[72.86266,19.20072],[72.86331,19.20081],[72.8638,19.20122],[72.86372,19.20082],[72.86444,19.19799],[72.86448,19.1975],[72.86467,19.19685],[72.86473,19.19639],[72.86497,19.19532],[72.86501,19.19426],[72.86496,19.19396],[72.86475,19.19339],[72.86454,19.19214],[72.8643,19.19164],[72.86405,19.19137],[72.86387,19.19129],[72.86363,19.19129],[72.86263,19.19144],[72.86209,19.19118],[72.86178,19.19131],[72.86109,19.19192],[72.86006,19.19303],[72.85968,19.1933],[72.85954,19.1936],[72.8595,19.19383],[72.85931,19.1941],[72.85901,19.19426],[72.85883,19.19428],[72.85845,19.19449],[72.85803,19.19449],[72.85686,19.19428],[72.8542,19.19411],[72.85416,19.19414],[72.85408,19.19473],[72.85397,19.19685],[72.85378,19.1986],[72.85374,19.19868],[72.85357,19.19874],[72.85265,19.19863],[72.85087,19.19831],[72.85152,19.20299],[72.85212,19.20289],[72.85287,19.20262],[72.85552,19.20233],[72.85752,19.20181],[72.85831,19.2017]]]}},{"type":"Feature","properties":{"village":"Ward No 3","taluka":"Mumbai Suburban","district":"Mumbai Suburban","lgd":"0","type":"Ward"},"geometry":{"type":"Polygon","coordinates":[[[72.87244,19.26088],[72.87326,19.26083],[72.8733,19.26075],[72.87336,19.26082],[72.87344,19.26077],[72.87423,19.26074],[72.875,19.26052],[72.87539,19.26064],[72.87593,19.26012],[72.87673,19.25916],[72.87725,19.25871],[72.87766,19.2582],[72.87806,19.25785],[72.87847,19.25714],[72.88009,19.25604],[72.88119,19.25483],[72.88172,19.25443],[72.88242,19.25427],[72.88374,19.25386],[72.88464,19.25346],[72.88534,19.25277],[72.88398,19.25283],[72.88334,19.25272],[72.88278,19.25247],[72.88229,19.25215],[72.88174,19.25165],[72.88142,19.25149],[72.88098,19.25135],[72.88055,19.2513],[72.87993,19.25105],[72.87941,19.25055],[72.87908,19.25036],[72.8781,19.25012],[72.87663,19.24994],[72.87518,19.24927],[72.87486,19.2488],[72.87473,19.2485],[72.87469,19.24828],[72.87468,19.24796],[72.87479,19.24719],[72.87493,19.24663],[72.87384,19.24659],[72.87363,19.24665],[72.87196,19.24654],[72.8721,19.24718],[72.87279,19.24796],[72.87315,19.24932],[72.87336,19.25101],[72.87343,19.25236],[72.87116,19.25102],[72.87061,19.25086],[72.86964,19.2509],[72.86868,19.25136],[72.86758,19.25161],[72.86541,19.24837],[72.86494,19.24752],[72.86473,19.24684],[72.86455,19.24556],[72.86358,19.24606],[72.86179,19.24708],[72.86287,19.24894],[72.86376,19.25158],[72.864,19.25188],[72.86513,19.25306],[72.86675,19.25423],[72.86863,19.25547],[72.86933,19.25577],[72.86983,19.25588],[72.87017,19.25569],[72.87121,19.25758],[72.87209,19.25955],[72.87234,19.26018],[72.87244,19.26088]]]}},{"type":"Feature","properties":{"village":"Ward No 30","taluka":"Mumbai Suburban","district":"Mumbai Suburban","lgd":"0","type":"Ward"},"geometry":{"type":"Polygon","coordinates":[[[72.84947,19.20414],[72.84923,19.20303],[72.85081,19.20305],[72.85152,19.20299],[72.85086,19.19826],[72.85027,19.19534],[72.85017,19.19525],[72.85001,19.19522],[72.84931,19.19527],[72.84882,19.19521],[72.84837,19.19522],[72.84596,19.19549],[72.84439,19.19685],[72.84368,19.19756],[72.84349,19.19793],[72.84341,19.19842],[72.84323,19.19881],[72.84302,19.19905],[72.8423,19.19967],[72.84188,19.19973],[72.84157,19.19965],[72.84145,19.19967],[72.84046,19.20015],[72.83988,19.20034],[72.8392,19.20042],[72.83869,19.2006],[72.83842,19.20057],[72.83803,19.20065],[72.83728,19.20066],[72.83685,19.20077],[72.83671,19.20077],[72.83688,19.2011],[72.83696,19.20142],[72.83696,19.20184],[72.83687,19.20229],[72.83672,19.20263],[72.83629,19.20331],[72.8359,19.20351],[72.83916,19.20339],[72.84145,19.20346],[72.84147,19.20506],[72.84156,19.20532],[72.8417,19.20558],[72.84193,19.20574],[72.84238,19.20579],[72.84429,19.20558],[72.84645,19.20507],[72.84818,19.20459],[72.84947,19.20414]]]}},{"type":"Feature","properties":{"village":"Ward No 31","taluka":"Mumbai Suburban","district":"Mumbai Suburban","lgd":"0","type":"Ward"},"geometry":{"type":"Polygon","coordinates":[[[72.8319,19.19817],[72.83107,19.19593],[72.82992,19.19657],[72.82867,19.19744],[72.82776,19.198],[72.82791,19.19935],[72.82807,19.20239],[72.82744,19.20268],[72.82525,19.20404],[72.82581,19.20483],[72.82782,19.20386],[72.82842,19.20373],[72.8306,19.20362],[72.83393,19.20323],[72.83376,19.20131],[72.8337,19.19899],[72.83255,19.19882],[72.83218,19.19863],[72.8319,19.19817]]]}},{"type":"Feature","properties":{"village":"Ward No 32","taluka":"Mumbai Suburban","district":"Mumbai Suburban","lgd":"0","type":"Ward"},"geometry":{"type":"Polygon","coordinates":[[[72.79236,19.22436],[72.7932,19.22429],[72.79351,19.22431],[72.79469,19.2245],[72.79641,19.22449],[72.7981,19.22419],[72.79987,19.22359],[72.80172,19.2227],[72.80367,19.22167],[72.80497,19.22083],[72.80571,19.21998],[72.80613,19.21908],[72.80663,19.21748],[72.80742,19.21468],[72.80785,19.21338],[72.80811,19.21292],[72.80885,19.21206],[72.8092,19.21134],[72.80929,19.21102],[72.80926,19.21029],[72.80931,19.20989],[72.80976,19.20912],[72.81005,19.20879],[72.81044,19.20845],[72.81128,19.20788],[72.81425,19.20633],[72.81585,19.20556],[72.81667,19.20519],[72.81742,19.205],[72.81873,19.20512],[72.81999,19.20542],[72.82044,19.20565],[72.82081,19.20577],[72.82152,19.20584],[72.82238,19.20609],[72.82277,19.20604],[72.82454,19.20529],[72.82468,19.2051],[72.82478,19.20484],[72.82508,19.20454],[72.82508,19.20414],[72.82744,19.20268],[72.82807,19.20239],[72.82791,19.19935],[72.82375,19.20184],[72.82281,19.20199],[72.82144,19.20194],[72.82148,19.20068],[72.82183,19.19916],[72.82176,19.19766],[72.8218,19.19581],[72.82008,19.19567],[72.81961,19.1957],[72.81947,19.19574],[72.81886,19.19618],[72.81847,19.19635],[72.81812,19.19643],[72.8169,19.19648],[72.81582,19.19665],[72.81541,19.19667],[72.81229,19.19629],[72.81235,19.19499],[72.81195,19.1929],[72.81226,19.19216],[72.8123,19.19194],[72.81255,19.19157],[72.81268,19.19],[72.81222,19.18912],[72.8129,19.18865],[72.81298,19.18836],[72.81286,19.18785],[72.81285,19.18758],[72.81309,19.18726],[72.81343,19.18712],[72.8135,19.18679],[72.81368,19.18674],[72.81368,19.18623],[72.81381,19.18469],[72.81249,19.1838],[72.8134,19.18249],[72.81283,19.18002],[72.81296,19.17943],[72.81265,19.17762],[72.8067,19.17824],[72.80611,19.17837],[72.80579,19.17883],[72.80526,19.17992],[72.80489,19.18022],[72.79526,19.1816],[72.79548,19.18277],[72.79604,19.18515],[72.79615,19.186],[72.79616,19.18639],[72.79563,19.18951],[72.79549,19.19082],[72.7955,19.19103],[72.79561,19.19134],[72.7961,19.19359],[72.79626,19.1951],[72.79371,19.1965],[72.79313,19.19621],[72.793,19.19592],[72.79292,19.19549],[72.79249,19.19518],[72.79235,19.19489],[72.79233,19.1946],[72.79191,19.19428],[72.79164,19.19378],[72.79137,19.19366],[72.79111,19.19344],[72.79089,19.19335],[72.79081,19.19322],[72.79058,19.19311],[72.79042,19.19322],[72.79023,19.19306],[72.78991,19.19303],[72.78961,19.19289],[72.7895,19.19295],[72.78941,19.19294],[72.7894,19.19312],[72.78929,19.19316],[72.78922,19.19324],[72.78904,19.19319],[72.7889,19.19334],[72.78879,19.19337],[72.78854,19.19327],[72.7885,19.19342],[72.78836,19.19341],[72.78834,19.19354],[72.78819,19.19359],[72.78821,19.19377],[72.78804,19.19387],[72.78805,19.19401],[72.78785,19.19407],[72.78757,19.19396],[72.78748,19.19382],[72.78725,19.19366],[72.78713,19.19348],[72.78678,19.1934],[72.7866,19.19322],[72.7865,19.19329],[72.78627,19.19314],[72.78616,19.19318],[72.78607,19.19307],[72.78587,19.19315],[72.78576,19.19315],[72.78571,19.19332],[72.78549,19.1935],[72.78534,19.19299],[72.78511,19.19287],[72.78465,19.19275],[72.78453,19.19276],[72.78416,19.19294],[72.78399,19.19295],[72.78396,19.19301],[72.7838,19.19307],[72.78355,19.19342],[72.78325,19.19366],[72.78319,19.19362],[72.78325,19.19324],[72.78319,19.1931],[72.78306,19.1931],[72.78276,19.19326],[72.78263,19.19327],[72.78261,19.19311],[72.78225,19.19291],[72.78202,19.19293],[72.78214,19.19322],[72.78212,19.19353],[72.7822,19.19363],[72.78165,19.19543],[72.78174,19.19579],[72.78187,19.19597],[72.78189,19.19636],[72.78199,19.19651],[72.78197,19.19697],[72.78214,19.19717],[72.78213,19.19724],[72.782,19.19736],[72.78201,19.19748],[72.78194,19.19766],[72.78192,19.19827],[72.78198,19.19846],[72.78215,19.1987],[72.78216,19.19933],[72.78224,19.19946],[72.78234,19.1995],[72.78241,19.19974],[72.78238,19.1998],[72.78222,19.19977],[72.78214,19.19981],[72.7822,19.20011],[72.78213,19.20038],[72.78231,19.20062],[72.78232,19.20086],[72.78255,19.2011],[72.78276,19.20109],[72.78309,19.20087],[72.78392,19.20112],[72.78502,19.20086],[72.78531,19.20089],[72.78575,19.20195],[72.78579,19.2025],[72.78574,19.20311],[72.78561,19.2037],[72.78513,19.20479],[72.78494,19.20502],[72.78413,19.20581],[72.78372,19.20604],[72.78337,19.20618],[72.78299,19.20625],[72.78268,19.20619],[72.78243,19.20599],[72.78221,19.2059],[72.78192,19.20588],[72.78164,19.20596],[72.78139,19.20622],[72.78124,19.2063],[72.781,19.20635],[72.78066,19.20623],[72.78035,19.20603],[72.77989,19.20592],[72.77952,19.2059],[72.77918,19.20609],[72.77907,19.20635],[72.77905,19.20694],[72.77914,19.2074],[72.77938,19.20751],[72.77944,19.20773],[72.77961,19.20776],[72.77966,19.20785],[72.77982,19.20787],[72.77988,19.20802],[72.7802,19.20845],[72.78102,19.21129],[72.78116,19.21165],[72.78142,19.21214],[72.78138,19.21323],[72.78125,19.21352],[72.78148,19.21392],[72.7814,19.21512],[72.78128,19.21552],[72.78116,19.21564],[72.78086,19.21567],[72.78078,19.21574],[72.78078,19.21581],[72.78088,19.21595],[72.78069,19.21616],[72.78034,19.21622],[72.78008,19.21643],[72.77992,19.21665],[72.77994,19.21677],[72.78011,19.21681],[72.78019,19.21701],[72.78019,19.21722],[72.7804,19.21737],[72.78042,19.21744],[72.78016,19.21767],[72.78005,19.2177],[72.77981,19.21763],[72.77967,19.21748],[72.77948,19.2175],[72.77941,19.21756],[72.77938,19.21773],[72.77945,19.21794],[72.77935,19.21804],[72.77924,19.21829],[72.77904,19.21839],[72.7787,19.21834],[72.77859,19.2184],[72.77863,19.21846],[72.77885,19.21843],[72.77891,19.2186],[72.77871,19.21896],[72.77882,19.21918],[72.7786,19.21925],[72.77869,19.21941],[72.77868,19.21966],[72.77874,19.21982],[72.77935,19.21999],[72.78111,19.22098],[72.78198,19.22152],[72.7822,19.22172],[72.78228,19.22192],[72.7823,19.22212],[72.78226,19.22362],[72.78232,19.22391],[72.78241,19.22411],[72.78327,19.22519],[72.78342,19.22535],[72.78377,19.22556],[72.78413,19.22568],[72.7848,19.22574],[72.78671,19.22576],[72.78917,19.22568],[72.79038,19.22529],[72.79103,19.22487],[72.79236,19.22436]]]}},{"type":"Feature","properties":{"village":"Ward No 33","taluka":"Mumbai Suburban","district":"Mumbai Suburban","lgd":"0","type":"Ward"},"geometry":{"type":"Polygon","coordinates":[[[72.81582,19.19665],[72.8169,19.19648],[72.81812,19.19643],[72.81847,19.19635],[72.81886,19.19618],[72.81956,19.19572],[72.81941,19.19409],[72.81931,19.19146],[72.82047,19.19135],[72.81927,19.18743],[72.81992,19.18712],[72.81986,19.18563],[72.81864,19.18576],[72.81804,19.18593],[72.81774,19.18548],[72.81721,19.18584],[72.81644,19.18511],[72.81634,19.18517],[72.81545,19.18443],[72.81498,19.18483],[72.81421,19.18505],[72.81413,19.18483],[72.81389,19.18486],[72.81381,19.18469],[72.81368,19.18623],[72.81368,19.18674],[72.8135,19.18679],[72.81343,19.18712],[72.81309,19.18726],[72.81285,19.18758],[72.81286,19.18785],[72.81298,19.18836],[72.8129,19.18865],[72.81222,19.18912],[72.81268,19.19],[72.81264,19.1907],[72.81255,19.19157],[72.8123,19.19194],[72.81226,19.19216],[72.81195,19.1929],[72.81235,19.19499],[72.81229,19.19629],[72.81541,19.19667],[72.81582,19.19665]]]}},{"type":"Feature","properties":{"village":"Ward No 34","taluka":"Mumbai Suburban","district":"Mumbai Suburban","lgd":"0","type":"Ward"},"geometry":{"type":"Polygon","coordinates":[[[72.83107,19.19593],[72.83066,19.19525],[72.83028,19.19494],[72.8296,19.19425],[72.82929,19.19362],[72.82909,19.19309],[72.82908,19.19254],[72.82914,19.19179],[72.82943,19.19048],[72.82956,19.19008],[72.82995,19.18967],[72.83024,19.18922],[72.83039,19.18861],[72.83035,19.18836],[72.82978,19.1874],[72.82883,19.18652],[72.82845,19.18598],[72.8248,19.18628],[72.82233,19.18642],[72.82239,19.18754],[72.82057,19.18761],[72.82063,19.1888],[72.8197,19.18885],[72.82047,19.19135],[72.81931,19.19146],[72.81941,19.19409],[72.81956,19.19572],[72.82008,19.19567],[72.8218,19.19581],[72.82176,19.19766],[72.82183,19.19916],[72.82148,19.20068],[72.82144,19.20194],[72.82281,19.20199],[72.82375,19.20184],[72.82791,19.19935],[72.82776,19.198],[72.82867,19.19744],[72.82992,19.19657],[72.83107,19.19593]]]}},{"type":"Feature","properties":{"village":"Ward No 35","taluka":"Mumbai Suburban","district":"Mumbai Suburban","lgd":"0","type":"Ward"},"geometry":{"type":"Polygon","coordinates":[[[72.83728,19.20066],[72.83803,19.20065],[72.83842,19.20057],[72.83869,19.2006],[72.8392,19.20042],[72.83988,19.20034],[72.84046,19.20015],[72.84145,19.19967],[72.84157,19.19965],[72.84188,19.19973],[72.84221,19.1997],[72.84237,19.19962],[72.84323,19.19881],[72.84341,19.19842],[72.84349,19.19793],[72.84368,19.19756],[72.84439,19.19685],[72.84596,19.19549],[72.84837,19.19522],[72.84882,19.19521],[72.84931,19.19527],[72.85011,19.19524],[72.84942,19.19177],[72.84902,19.1895],[72.84864,19.18953],[72.84878,19.19021],[72.84863,19.19026],[72.84762,19.1903],[72.84726,19.19041],[72.84674,19.19011],[72.84699,19.19141],[72.84189,19.19276],[72.84022,19.19337],[72.83999,19.1935],[72.83969,19.19379],[72.83926,19.19467],[72.8387,19.19542],[72.83811,19.19558],[72.83758,19.19554],[72.8369,19.19542],[72.83408,19.19575],[72.83107,19.19593],[72.83169,19.1975],[72.8319,19.19817],[72.83218,19.19863],[72.83255,19.19882],[72.83302,19.19892],[72.83417,19.19903],[72.83431,19.19909],[72.83458,19.1996],[72.83476,19.20022],[72.83504,19.20052],[72.83537,19.20064],[72.8364,19.2007],[72.83675,19.20077],[72.83728,19.20066]]]}},{"type":"Feature","properties":{"village":"Ward No 36","taluka":"Mumbai Suburban","district":"Mumbai Suburban","lgd":"0","type":"Ward"},"geometry":{"type":"Polygon","coordinates":[[[72.8542,19.19411],[72.85686,19.19428],[72.85803,19.19449],[72.85845,19.19449],[72.85883,19.19428],[72.85901,19.19426],[72.85931,19.1941],[72.8595,19.19383],[72.85954,19.1936],[72.85968,19.1933],[72.86006,19.19303],[72.86109,19.19192],[72.86178,19.19131],[72.86209,19.19118],[72.86229,19.19126],[72.86254,19.19143],[72.86279,19.19145],[72.86299,19.1914],[72.86292,19.19095],[72.86242,19.1904],[72.86221,19.19027],[72.86128,19.19013],[72.86109,19.19026],[72.86095,19.1903],[72.86059,19.19011],[72.86016,19.19007],[72.85996,19.18986],[72.85995,19.18966],[72.85949,19.18868],[72.85933,19.1887],[72.85865,19.18943],[72.85862,19.18799],[72.85869,19.18566],[72.85836,19.18566],[72.8572,19.18587],[72.85607,19.18585],[72.85607,19.18629],[72.856,19.18643],[72.85532,19.18696],[72.85504,19.18711],[72.85537,19.18858],[72.85432,19.18869],[72.85367,19.18862],[72.85329,19.18855],[72.85283,19.18833],[72.85223,19.18816],[72.85191,19.18809],[72.85147,19.18808],[72.85083,19.1879],[72.84861,19.18778],[72.84902,19.1895],[72.84942,19.19177],[72.85011,19.19524],[72.85027,19.19534],[72.85087,19.19831],[72.85265,19.19863],[72.85357,19.19874],[72.85374,19.19868],[72.85378,19.1986],[72.85397,19.19685],[72.85408,19.19473],[72.85416,19.19414],[72.8542,19.19411]]]}},{"type":"Feature","properties":{"village":"Ward No 37","taluka":"Mumbai Suburban","district":"Mumbai Suburban","lgd":"0","type":"Ward"},"geometry":{"type":"Polygon","coordinates":[[[72.86584,19.19344],[72.86589,19.19284],[72.86615,19.19214],[72.86608,19.19199],[72.86584,19.19186],[72.86574,19.19174],[72.86558,19.1909],[72.86558,19.19014],[72.86543,19.19006],[72.86541,19.18999],[72.86548,19.18966],[72.86563,19.18926],[72.86567,19.18888],[72.86575,19.18875],[72.86614,19.18855],[72.8659,19.18736],[72.86568,19.18683],[72.86564,19.18593],[72.86541,19.18456],[72.86477,19.18475],[72.86414,19.18463],[72.864,19.18464],[72.86368,19.18588],[72.86306,19.18679],[72.86294,19.18688],[72.86254,19.18703],[72.86116,19.18703],[72.86102,19.18694],[72.86095,19.18641],[72.86091,19.18635],[72.86029,19.18637],[72.86015,19.18627],[72.86006,19.1861],[72.85988,19.18597],[72.85912,19.18566],[72.85869,19.18566],[72.85862,19.18799],[72.85865,19.18943],[72.85933,19.1887],[72.85949,19.18868],[72.85995,19.18966],[72.85996,19.18986],[72.86016,19.19007],[72.86059,19.19011],[72.86095,19.1903],[72.86109,19.19026],[72.86128,19.19013],[72.86221,19.19027],[72.86242,19.1904],[72.86292,19.19095],[72.86299,19.1914],[72.86387,19.19129],[72.86405,19.19137],[72.8643,19.19164],[72.86454,19.19214],[72.86475,19.19339],[72.86492,19.19341],[72.86521,19.19336],[72.86584,19.19344]]]}},{"type":"Feature","properties":{"village":"Ward No 38","taluka":"Mumbai Suburban","district":"Mumbai Suburban","lgd":"0","type":"Ward"},"geometry":{"type":"Polygon","coordinates":[[[72.87274,19.19145],[72.8738,19.19122],[72.87389,19.19197],[72.87555,19.19152],[72.87676,19.19106],[72.87694,19.19161],[72.87783,19.19164],[72.8782,19.1916],[72.88,19.19125],[72.87988,19.1874],[72.87958,19.18706],[72.87897,19.18668],[72.87877,19.18668],[72.87827,19.18689],[72.87753,19.18668],[72.8766,19.18664],[72.87633,19.18653],[72.87594,19.18628],[72.8755,19.18584],[72.87457,19.18465],[72.87425,19.18432],[72.87398,19.18421],[72.87345,19.18414],[72.87322,19.184],[72.87339,19.18587],[72.87332,19.18632],[72.87315,19.18681],[72.8729,19.1871],[72.87282,19.18747],[72.87288,19.18824],[72.87285,19.18883],[72.87272,19.1892],[72.8725,19.18962],[72.87234,19.19015],[72.87153,19.1904],[72.87137,19.19055],[72.87101,19.19067],[72.87036,19.19049],[72.86843,19.1903],[72.86778,19.19007],[72.86708,19.18993],[72.86668,19.18968],[72.86618,19.18875],[72.86614,19.18855],[72.86575,19.18875],[72.86567,19.18888],[72.86563,19.18926],[72.86548,19.18966],[72.86541,19.18999],[72.86543,19.19006],[72.86558,19.19014],[72.86558,19.1909],[72.86574,19.19174],[72.86584,19.19186],[72.86608,19.19199],[72.86615,19.19214],[72.86589,19.19284],[72.86584,19.19344],[72.8666,19.19353],[72.86721,19.19372],[72.86748,19.19394],[72.86769,19.19398],[72.86785,19.19366],[72.86811,19.19341],[72.86826,19.19333],[72.86951,19.1931],[72.87057,19.19276],[72.87138,19.19242],[72.87201,19.1918],[72.87227,19.19164],[72.87274,19.19145]]]}},{"type":"Feature","properties":{"village":"Ward No 39","taluka":"Mumbai Suburban","district":"Mumbai Suburban","lgd":"0","type":"Ward"},"geometry":{"type":"Polygon","coordinates":[[[72.87538,19.19418],[72.87656,19.19365],[72.88004,19.19276],[72.88,19.19125],[72.8782,19.1916],[72.87783,19.19164],[72.87694,19.19161],[72.87676,19.19106],[72.87555,19.19152],[72.87389,19.19197],[72.8738,19.19122],[72.87352,19.19126],[72.87274,19.19145],[72.87227,19.19164],[72.87201,19.1918],[72.87138,19.19242],[72.87057,19.19276],[72.86951,19.1931],[72.86826,19.19333],[72.86811,19.19341],[72.86785,19.19366],[72.86769,19.19398],[72.86855,19.19397],[72.8695,19.19383],[72.87147,19.19403],[72.87294,19.19427],[72.87467,19.19428],[72.87538,19.19418]]]}},{"type":"Feature","properties":{"village":"Ward No 4","taluka":"Mumbai Suburban","district":"Mumbai Suburban","lgd":"0","type":"Ward"},"geometry":{"type":"Polygon","coordinates":[[[72.87336,19.25101],[72.87315,19.24932],[72.87279,19.24796],[72.8721,19.24718],[72.87196,19.24654],[72.87363,19.24665],[72.87384,19.24659],[72.87493,19.24663],[72.87536,19.24496],[72.8749,19.24184],[72.87307,19.24227],[72.87177,19.24235],[72.87165,19.24261],[72.87161,19.24298],[72.87094,19.24297],[72.87009,19.24288],[72.86865,19.24286],[72.86862,19.24566],[72.86831,19.24594],[72.86799,19.24638],[72.86817,19.24676],[72.86839,19.24755],[72.8686,19.2481],[72.86829,19.24876],[72.86784,19.24923],[72.86726,19.24963],[72.86665,19.25017],[72.86758,19.25161],[72.86868,19.25136],[72.86964,19.2509],[72.87061,19.25086],[72.87116,19.25102],[72.87343,19.25236],[72.87336,19.25101]]]}},{"type":"Feature","properties":{"village":"Ward No 40","taluka":"Mumbai Suburban","district":"Mumbai Suburban","lgd":"0","type":"Ward"},"geometry":{"type":"Polygon","coordinates":[[[72.87988,19.1874],[72.8843,19.18384],[72.88725,19.18158],[72.8918,19.18111],[72.89712,19.18067],[72.89952,19.18039],[72.89988,19.18003],[72.90005,19.17931],[72.89994,19.17788],[72.8995,19.17577],[72.89858,19.17437],[72.89778,19.17343],[72.89663,19.17184],[72.8828,19.17315],[72.88281,19.17237],[72.88014,19.17226],[72.88009,19.17107],[72.87835,19.17054],[72.87825,19.17105],[72.87837,19.1716],[72.87827,19.1716],[72.87723,19.17119],[72.87719,19.17126],[72.87732,19.17297],[72.87726,19.17343],[72.87664,19.1734],[72.8761,19.17331],[72.87573,19.17319],[72.87447,19.17216],[72.87433,19.17357],[72.87405,19.17522],[72.8739,19.17583],[72.87287,19.17578],[72.87153,19.17558],[72.87087,19.17556],[72.86917,19.17557],[72.86687,19.17568],[72.86653,19.17842],[72.86798,19.1785],[72.86892,19.17804],[72.86915,19.17798],[72.86941,19.17796],[72.87045,19.17807],[72.87056,19.17822],[72.87071,19.1787],[72.87085,19.17893],[72.87106,19.17912],[72.87139,19.17932],[72.87154,19.17952],[72.87167,19.17978],[72.87168,19.18012],[72.87351,19.1799],[72.87328,19.18239],[72.87322,19.184],[72.87345,19.18414],[72.87398,19.18421],[72.87425,19.18432],[72.87457,19.18465],[72.8755,19.18584],[72.87594,19.18628],[72.87633,19.18653],[72.8766,19.18664],[72.87753,19.18668],[72.87827,19.18689],[72.87877,19.18668],[72.87897,19.18668],[72.87958,19.18706],[72.87988,19.1874]]]}},{"type":"Feature","properties":{"village":"Ward No 41","taluka":"Mumbai Suburban","district":"Mumbai Suburban","lgd":"0","type":"Ward"},"geometry":{"type":"Polygon","coordinates":[[[72.87732,19.17297],[72.87719,19.17126],[72.87723,19.17119],[72.87827,19.1716],[72.87837,19.1716],[72.87825,19.17105],[72.87835,19.17054],[72.88009,19.17107],[72.88014,19.17226],[72.88281,19.17237],[72.8828,19.17315],[72.89663,19.17184],[72.89646,19.17157],[72.8959,19.17002],[72.89408,19.16701],[72.89324,19.16499],[72.89284,19.16427],[72.89283,19.1638],[72.89287,19.16362],[72.89304,19.16336],[72.89288,19.1632],[72.89238,19.16298],[72.89207,19.16291],[72.89146,19.1629],[72.89056,19.16277],[72.88978,19.16292],[72.88814,19.16305],[72.88659,19.16332],[72.87963,19.16477],[72.8791,19.16494],[72.87824,19.16549],[72.87766,19.16608],[72.87605,19.1683],[72.87512,19.16967],[72.87474,19.17038],[72.87447,19.17184],[72.87447,19.17216],[72.87573,19.17319],[72.8761,19.17331],[72.87664,19.1734],[72.87726,19.17343],[72.87732,19.17297]]]}},{"type":"Feature","properties":{"village":"Ward No 42","taluka":"Mumbai Suburban","district":"Mumbai Suburban","lgd":"0","type":"Ward"},"geometry":{"type":"Polygon","coordinates":[[[72.87328,19.18239],[72.87351,19.1799],[72.87168,19.18012],[72.87167,19.17978],[72.87154,19.17952],[72.87139,19.17932],[72.87106,19.17912],[72.87085,19.17893],[72.87071,19.1787],[72.87056,19.17822],[72.87045,19.17807],[72.86941,19.17796],[72.86915,19.17798],[72.86892,19.17804],[72.86798,19.1785],[72.86783,19.17977],[72.86783,19.18018],[72.86772,19.18026],[72.86731,19.18025],[72.86729,19.18073],[72.86652,19.18115],[72.86625,19.18139],[72.86606,19.18168],[72.86592,19.18242],[72.8658,19.18271],[72.86557,19.18286],[72.86543,19.18308],[72.86546,19.18436],[72.86541,19.18456],[72.86564,19.18593],[72.86568,19.18683],[72.8659,19.18736],[72.86618,19.18875],[72.86668,19.18968],[72.86708,19.18993],[72.86778,19.19007],[72.86843,19.1903],[72.87036,19.19049],[72.87101,19.19067],[72.87137,19.19055],[72.87153,19.1904],[72.87223,19.19019],[72.87239,19.1901],[72.8725,19.18962],[72.87272,19.1892],[72.87285,19.18883],[72.87288,19.18824],[72.87282,19.18747],[72.8729,19.1871],[72.87315,19.18681],[72.87332,19.18632],[72.87339,19.18587],[72.87322,19.184],[72.87328,19.18239]]]}},{"type":"Feature","properties":{"village":"Ward No 43","taluka":"Mumbai Suburban","district":"Mumbai Suburban","lgd":"0","type":"Ward"},"geometry":{"type":"Polygon","coordinates":[[[72.86116,19.18703],[72.86254,19.18703],[72.86273,19.18698],[72.86306,19.18679],[72.86368,19.18588],[72.864,19.18464],[72.86414,19.18463],[72.86477,19.18475],[72.86541,19.18456],[72.86546,19.18436],[72.86543,19.18308],[72.86557,19.18286],[72.8658,19.18271],[72.86592,19.18242],[72.86606,19.18168],[72.86625,19.18139],[72.86652,19.18115],[72.86729,19.18073],[72.86731,19.18025],[72.86772,19.18026],[72.86783,19.18018],[72.86783,19.17977],[72.86798,19.1785],[72.86653,19.17842],[72.86584,19.17867],[72.86493,19.17907],[72.86458,19.17911],[72.86415,19.17906],[72.86332,19.17916],[72.86223,19.17919],[72.86179,19.17925],[72.86127,19.17952],[72.86003,19.17976],[72.85872,19.18017],[72.85864,19.18027],[72.85869,19.18566],[72.85912,19.18566],[72.85988,19.18597],[72.86006,19.1861],[72.86015,19.18627],[72.86029,19.18637],[72.86091,19.18635],[72.86095,19.18641],[72.86102,19.18694],[72.86116,19.18703]]]}},{"type":"Feature","properties":{"village":"Ward No 44","taluka":"Mumbai Suburban","district":"Mumbai Suburban","lgd":"0","type":"Ward"},"geometry":{"type":"Polygon","coordinates":[[[72.8572,19.18587],[72.85836,19.18566],[72.85869,19.18566],[72.85863,19.18207],[72.85864,19.18027],[72.85872,19.18017],[72.86003,19.17976],[72.86127,19.17952],[72.86179,19.17925],[72.86223,19.17919],[72.86332,19.17916],[72.86415,19.17906],[72.86458,19.17911],[72.86493,19.17907],[72.86584,19.17867],[72.86653,19.17842],[72.86687,19.17568],[72.86568,19.17557],[72.86267,19.17491],[72.85964,19.17436],[72.85956,19.17545],[72.85953,19.17549],[72.85797,19.1754],[72.85777,19.17544],[72.85739,19.17563],[72.85711,19.17616],[72.85682,19.17717],[72.85675,19.17728],[72.85643,19.17746],[72.85612,19.17773],[72.85547,19.17793],[72.85589,19.17879],[72.85587,19.1808],[72.85577,19.18087],[72.85462,19.18099],[72.85454,19.18104],[72.8545,19.18131],[72.85439,19.1815],[72.85366,19.18221],[72.85362,19.18233],[72.85365,19.18265],[72.85391,19.18347],[72.85408,19.18423],[72.85432,19.1845],[72.85488,19.18498],[72.85501,19.18502],[72.85518,19.18496],[72.85589,19.18494],[72.85622,19.18504],[72.85607,19.18585],[72.8572,19.18587]]]}},{"type":"Feature","properties":{"village":"Ward No 45","taluka":"Mumbai Suburban","district":"Mumbai Suburban","lgd":"0","type":"Ward"},"geometry":{"type":"Polygon","coordinates":[[[72.85537,19.18858],[72.85504,19.18711],[72.85532,19.18696],[72.856,19.18643],[72.85607,19.18629],[72.85607,19.18585],[72.85622,19.18504],[72.85589,19.18494],[72.85518,19.18496],[72.85501,19.18502],[72.85488,19.18498],[72.85432,19.1845],[72.85408,19.18423],[72.85391,19.18347],[72.85365,19.18265],[72.85362,19.18233],[72.85366,19.18221],[72.85439,19.1815],[72.8545,19.18131],[72.85454,19.18104],[72.85462,19.18099],[72.85577,19.18087],[72.85587,19.1808],[72.85589,19.17879],[72.85547,19.17793],[72.85531,19.17784],[72.85519,19.17763],[72.85511,19.17758],[72.85333,19.17761],[72.85266,19.17748],[72.85147,19.17744],[72.8508,19.17733],[72.85056,19.17736],[72.85045,19.1775],[72.85037,19.17796],[72.85029,19.17804],[72.84912,19.17814],[72.84854,19.17851],[72.84836,19.18132],[72.84827,19.18476],[72.84832,19.1859],[72.84846,19.18711],[72.84861,19.18778],[72.85083,19.1879],[72.85147,19.18808],[72.85191,19.18809],[72.85223,19.18816],[72.85283,19.18833],[72.85329,19.18855],[72.85367,19.18862],[72.85432,19.18869],[72.85537,19.18858]]]}},{"type":"Feature","properties":{"village":"Ward No 46","taluka":"Mumbai Suburban","district":"Mumbai Suburban","lgd":"0","type":"Ward"},"geometry":{"type":"Polygon","coordinates":[[[72.84251,19.19258],[72.84699,19.19141],[72.84674,19.19011],[72.84726,19.19041],[72.84762,19.1903],[72.84863,19.19026],[72.84878,19.19021],[72.84864,19.18953],[72.84902,19.1895],[72.84846,19.18711],[72.84832,19.1859],[72.84827,19.18476],[72.84836,19.18132],[72.84854,19.17851],[72.84807,19.17865],[72.84715,19.17876],[72.84482,19.17937],[72.84435,19.1794],[72.8428,19.17969],[72.84235,19.17999],[72.84002,19.18006],[72.83968,19.18036],[72.83945,19.18042],[72.83933,19.18143],[72.83883,19.18153],[72.83853,19.18168],[72.8384,19.18189],[72.8381,19.18468],[72.83837,19.18651],[72.83839,19.18742],[72.84083,19.18734],[72.84182,19.18735],[72.8419,19.18741],[72.84197,19.1876],[72.84209,19.18875],[72.84208,19.1894],[72.84189,19.19047],[72.84191,19.19105],[72.8421,19.19169],[72.84251,19.19258]]]}},{"type":"Feature","properties":{"village":"Ward No 47","taluka":"Mumbai Suburban","district":"Mumbai Suburban","lgd":"0","type":"Ward"},"geometry":{"type":"Polygon","coordinates":[[[72.83408,19.19575],[72.8369,19.19542],[72.83758,19.19554],[72.83811,19.19558],[72.8387,19.19542],[72.83926,19.19467],[72.83969,19.19379],[72.83999,19.1935],[72.84022,19.19337],[72.84189,19.19276],[72.84249,19.19258],[72.84195,19.19124],[72.84187,19.19073],[72.84191,19.19025],[72.84208,19.1894],[72.84209,19.18875],[72.84197,19.1876],[72.8419,19.18741],[72.84182,19.18735],[72.84083,19.18734],[72.83839,19.18742],[72.83837,19.18651],[72.8381,19.18468],[72.8384,19.18189],[72.83853,19.18168],[72.83883,19.18153],[72.83933,19.18143],[72.83945,19.18042],[72.83725,19.18044],[72.83716,19.1805],[72.83712,19.18074],[72.837,19.18087],[72.8361,19.18077],[72.83595,19.18072],[72.83587,19.18064],[72.83571,19.18009],[72.83563,19.18002],[72.83529,19.18008],[72.83465,19.17973],[72.83417,19.17932],[72.83396,19.17922],[72.83218,19.17912],[72.83066,19.17929],[72.8301,19.18083],[72.82975,19.18164],[72.82925,19.18253],[72.82842,19.18381],[72.82828,19.18412],[72.82817,19.18458],[72.82819,19.18538],[72.82829,19.18579],[72.82883,19.18652],[72.82978,19.1874],[72.83035,19.18836],[72.83039,19.18861],[72.83024,19.18922],[72.82995,19.18967],[72.82956,19.19008],[72.82943,19.19048],[72.82914,19.19179],[72.82908,19.19254],[72.82909,19.19309],[72.82929,19.19362],[72.8296,19.19425],[72.83028,19.19494],[72.83066,19.19525],[72.83107,19.19593],[72.83408,19.19575]]]}},{"type":"Feature","properties":{"village":"Ward No 48","taluka":"Mumbai Suburban","district":"Mumbai Suburban","lgd":"0","type":"Ward"},"geometry":{"type":"Polygon","coordinates":[[[72.82829,19.18579],[72.82819,19.18538],[72.82816,19.18491],[72.82817,19.18458],[72.82828,19.18412],[72.82842,19.18381],[72.82925,19.18253],[72.82975,19.18164],[72.8301,19.18083],[72.83077,19.17898],[72.82997,19.17715],[72.82858,19.17455],[72.82761,19.17307],[72.82596,19.17116],[72.82414,19.16939],[72.82349,19.16861],[72.81959,19.165],[72.81986,19.17011],[72.81978,19.17106],[72.81963,19.17159],[72.81929,19.1722],[72.81587,19.17552],[72.817,19.18108],[72.81326,19.18184],[72.8134,19.18249],[72.81249,19.1838],[72.81381,19.18469],[72.81389,19.18486],[72.81413,19.18483],[72.81421,19.18505],[72.81498,19.18483],[72.81545,19.18443],[72.81634,19.18517],[72.81644,19.18511],[72.81721,19.18584],[72.81774,19.18548],[72.81804,19.18593],[72.81864,19.18576],[72.81986,19.18563],[72.81992,19.18712],[72.81927,19.18743],[72.8197,19.18885],[72.82063,19.1888],[72.82057,19.18761],[72.82239,19.18754],[72.82233,19.18642],[72.8248,19.18628],[72.82845,19.18598],[72.82829,19.18579]]]}},{"type":"Feature","properties":{"village":"Ward No 49","taluka":"Mumbai Suburban","district":"Mumbai Suburban","lgd":"0","type":"Ward"},"geometry":{"type":"MultiPolygon","coordinates":[[[[72.817,19.18108],[72.81587,19.17552],[72.81929,19.1722],[72.81963,19.17159],[72.81978,19.17106],[72.81986,19.17011],[72.81959,19.165],[72.81511,19.16099],[72.8096,19.15588],[72.8072,19.15353],[72.8061,19.15227],[72.80319,19.14746],[72.80297,19.14699],[72.80277,19.14597],[72.8027,19.14547],[72.80272,19.14494],[72.80264,19.14474],[72.80244,19.14468],[72.80234,19.14454],[72.80207,19.14436],[72.802,19.14419],[72.8017,19.14417],[72.80144,19.14393],[72.80114,19.14391],[72.80062,19.14358],[72.80039,19.14336],[72.80028,19.14303],[72.8004,19.14293],[72.80073,19.14292],[72.80078,19.14281],[72.80089,19.14276],[72.80079,19.14265],[72.80084,19.14253],[72.80082,19.14235],[72.80059,19.14215],[72.80048,19.14218],[72.80036,19.14211],[72.80012,19.14178],[72.80011,19.14163],[72.80002,19.14155],[72.79999,19.14141],[72.79986,19.14131],[72.7998,19.14113],[72.79976,19.14111],[72.79957,19.14118],[72.79941,19.14076],[72.79926,19.14072],[72.79911,19.14047],[72.79899,19.14046],[72.79879,19.14058],[72.79868,19.14057],[72.79857,19.14048],[72.79855,19.14032],[72.79872,19.13999],[72.79857,19.13946],[72.79842,19.13921],[72.7983,19.13924],[72.79812,19.13909],[72.79805,19.13912],[72.79815,19.13934],[72.7983,19.13941],[72.79821,19.13955],[72.79833,19.13971],[72.79829,19.13986],[72.79836,19.14003],[72.79835,19.1403],[72.79816,19.14047],[72.79818,19.14059],[72.79804,19.1406],[72.79785,19.14078],[72.79759,19.14083],[72.79748,19.14079],[72.7974,19.14048],[72.79722,19.14026],[72.79721,19.14009],[72.79701,19.13993],[72.79653,19.14081],[72.79647,19.14101],[72.79635,19.14109],[72.7962,19.14105],[72.79592,19.14088],[72.79523,19.14086],[72.7951,19.14104],[72.79483,19.14108],[72.79466,19.14105],[72.79456,19.14093],[72.79431,19.14053],[72.79472,19.13979],[72.79539,19.13921],[72.7957,19.13881],[72.7959,19.13842],[72.79594,19.13706],[72.79637,19.1364],[72.79658,19.13576],[72.79691,19.13527],[72.79672,19.13516],[72.79658,19.13477],[72.79675,19.134],[72.79666,19.13391],[72.79662,19.13371],[72.79654,19.13368],[72.79651,19.13358],[72.79635,19.13342],[72.79639,19.13318],[72.79636,19.13302],[72.79584,19.13298],[72.79569,19.13307],[72.79556,19.13302],[72.79547,19.13292],[72.79538,19.13275],[72.79546,19.13219],[72.79536,19.13215],[72.7953,19.13194],[72.79515,19.13185],[72.79508,19.13161],[72.79491,19.13135],[72.795,19.13097],[72.79497,19.13084],[72.79481,19.13078],[72.79441,19.13078],[72.79414,19.13059],[72.79402,19.13065],[72.79376,19.13062],[72.79365,19.13054],[72.79358,19.13032],[72.79332,19.13012],[72.79291,19.13018],[72.79248,19.13011],[72.79228,19.12999],[72.79207,19.13005],[72.79173,19.12996],[72.79151,19.13019],[72.79151,19.1304],[72.79138,19.13043],[72.79124,19.1304],[72.79117,19.13046],[72.79126,19.13064],[72.79152,19.1307],[72.79151,19.1308],[72.7913,19.13084],[72.79101,19.13071],[72.79054,19.13068],[72.79042,19.13077],[72.79045,19.13098],[72.79042,19.1311],[72.79028,19.13115],[72.7901,19.13113],[72.78987,19.131],[72.78974,19.13082],[72.78949,19.13076],[72.78931,19.13013],[72.78937,19.12987],[72.7893,19.12978],[72.78889,19.12969],[72.78879,19.12962],[72.78874,19.12947],[72.78844,19.12927],[72.78835,19.12927],[72.78822,19.12938],[72.78801,19.12924],[72.78797,19.12942],[72.78779,19.12943],[72.78738,19.12929],[72.78728,19.12913],[72.78706,19.12899],[72.787,19.12899],[72.78687,19.12918],[72.78687,19.12959],[72.7868,19.12974],[72.78645,19.12992],[72.78619,19.12992],[72.78611,19.12997],[72.7861,19.13008],[72.78637,19.13034],[72.78648,19.13036],[72.78658,19.13032],[72.7866,19.13042],[72.78666,19.13048],[72.78674,19.13047],[72.7868,19.13036],[72.78691,19.13038],[72.78749,19.13081],[72.78765,19.13079],[72.78779,19.13062],[72.78802,19.13065],[72.78821,19.13102],[72.78821,19.13123],[72.78812,19.13132],[72.78805,19.13149],[72.78796,19.13156],[72.78797,19.13167],[72.78791,19.13181],[72.78793,19.13188],[72.78802,19.13198],[72.78801,19.13204],[72.78786,19.13211],[72.78769,19.13192],[72.78755,19.13199],[72.78735,19.13186],[72.78717,19.13184],[72.78686,19.1319],[72.78675,19.13206],[72.78648,19.13211],[72.78646,19.13229],[72.78624,19.13231],[72.78609,19.13214],[72.78588,19.13207],[72.7858,19.13227],[72.78608,19.13263],[72.78593,19.1327],[72.7859,19.1328],[72.78611,19.13313],[72.78604,19.1332],[72.78592,19.13311],[72.78584,19.13311],[72.78577,19.1332],[72.78578,19.13327],[72.7859,19.13346],[72.7861,19.13349],[72.78609,19.13365],[72.78615,19.1337],[72.78681,19.13356],[72.78694,19.13338],[72.78706,19.13333],[72.7874,19.13338],[72.78766,19.1335],[72.78782,19.13368],[72.78774,19.1338],[72.78777,19.13394],[72.78772,19.13407],[72.78787,19.13436],[72.78802,19.13455],[72.78788,19.13466],[72.78765,19.13464],[72.78759,19.13472],[72.78762,19.13482],[72.78771,19.13496],[72.78791,19.13506],[72.78793,19.13526],[72.78789,19.13539],[72.78807,19.13564],[72.78819,19.13568],[72.78838,19.13547],[72.78847,19.13544],[72.78854,19.13548],[72.7886,19.13566],[72.78857,19.13578],[72.7884,19.1359],[72.78827,19.13617],[72.78825,19.13672],[72.78841,19.1372],[72.78832,19.13724],[72.78818,19.13719],[72.78813,19.13724],[72.78816,19.13745],[72.7883,19.13761],[72.78828,19.13779],[72.78815,19.13796],[72.78812,19.13844],[72.78785,19.13874],[72.78788,19.13881],[72.78829,19.13897],[72.78833,19.13915],[72.78796,19.14019],[72.78793,19.14051],[72.788,19.14112],[72.78796,19.1413],[72.78738,19.14144],[72.78735,19.1413],[72.78655,19.14148],[72.7867,19.14205],[72.78749,19.14187],[72.78742,19.14223],[72.78729,19.14245],[72.78743,19.14254],[72.78743,19.14273],[72.78762,19.14285],[72.78776,19.14323],[72.78769,19.14328],[72.78746,19.1432],[72.78734,19.14324],[72.78736,19.14336],[72.78756,19.14351],[72.78746,19.14369],[72.78742,19.14407],[72.78749,19.14416],[72.78769,19.14423],[72.78774,19.14436],[72.78788,19.14449],[72.78791,19.14465],[72.78797,19.14471],[72.78845,19.14475],[72.78851,19.1448],[72.78854,19.14492],[72.78864,19.14495],[72.78871,19.14507],[72.78899,19.14658],[72.78907,19.14823],[72.78896,19.14893],[72.78869,19.14992],[72.78788,19.15132],[72.78727,19.1521],[72.78608,19.15335],[72.78528,19.15385],[72.78457,19.15353],[72.78454,19.15358],[72.78459,19.15372],[72.78451,19.15381],[72.78445,19.15383],[72.78425,19.15376],[72.78412,19.15386],[72.78407,19.15401],[72.78422,19.15429],[72.78424,19.15452],[72.78451,19.15536],[72.7845,19.15578],[72.7843,19.15669],[72.784,19.15731],[72.78363,19.15768],[72.78338,19.15786],[72.78301,19.15735],[72.78276,19.15713],[72.78265,19.15713],[72.78227,19.15737],[72.78196,19.15764],[72.78173,19.15801],[72.78168,19.15836],[72.78173,19.15852],[72.78193,19.15874],[72.78194,19.15888],[72.78201,19.15897],[72.78227,19.1591],[72.78207,19.15929],[72.78209,19.15937],[72.78249,19.15978],[72.78286,19.15997],[72.78293,19.15994],[72.78305,19.15972],[72.78334,19.15985],[72.78355,19.16014],[72.78366,19.16049],[72.78361,19.16099],[72.78351,19.16139],[72.7831,19.16228],[72.78298,19.16242],[72.7827,19.16262],[72.78223,19.16282],[72.78161,19.16269],[72.78159,19.16273],[72.78177,19.16291],[72.7816,19.16299],[72.78158,19.16307],[72.78142,19.16304],[72.7814,19.16319],[72.78155,19.16329],[72.7815,19.16338],[72.78137,19.1634],[72.78117,19.16319],[72.78112,19.16324],[72.78117,19.16342],[72.78115,19.16351],[72.78095,19.16366],[72.78083,19.1637],[72.78048,19.16361],[72.78035,19.16373],[72.7805,19.16444],[72.78053,19.16486],[72.78064,19.16498],[72.78086,19.16543],[72.78083,19.16571],[72.78069,19.16579],[72.78084,19.166],[72.78086,19.16612],[72.78063,19.16614],[72.78058,19.16621],[72.78076,19.16666],[72.78091,19.16724],[72.78079,19.16732],[72.78074,19.16749],[72.78088,19.16758],[72.78115,19.16754],[72.78128,19.16763],[72.78132,19.16772],[72.78121,19.16799],[72.78101,19.16809],[72.78095,19.16819],[72.78096,19.16835],[72.78105,19.16854],[72.78114,19.16861],[72.7813,19.16858],[72.78147,19.16865],[72.78161,19.16857],[72.78174,19.1686],[72.78177,19.16843],[72.78192,19.16845],[72.78263,19.16795],[72.78276,19.16792],[72.78296,19.16763],[72.7831,19.16771],[72.78335,19.16769],[72.78351,19.16791],[72.78372,19.168],[72.78397,19.16798],[72.78422,19.16772],[72.78421,19.16754],[72.7843,19.16728],[72.78451,19.16709],[72.78473,19.1671],[72.78479,19.16706],[72.78476,19.16676],[72.78488,19.16657],[72.78504,19.16649],[72.78536,19.16659],[72.78562,19.16657],[72.78588,19.16665],[72.78617,19.16681],[72.78679,19.1673],[72.78694,19.16737],[72.78731,19.16778],[72.78733,19.16783],[72.7872,19.16786],[72.78713,19.16803],[72.78724,19.16825],[72.7873,19.16855],[72.78742,19.16864],[72.78739,19.16878],[72.78755,19.16886],[72.78785,19.1687],[72.78807,19.16893],[72.78821,19.16891],[72.7882,19.16908],[72.78829,19.16925],[72.78826,19.16931],[72.78808,19.16935],[72.7881,19.16943],[72.78826,19.1695],[72.78812,19.16978],[72.78812,19.16995],[72.78826,19.17019],[72.78826,19.1704],[72.78852,19.17063],[72.78869,19.17067],[72.78883,19.17056],[72.78884,19.1705],[72.78869,19.17025],[72.78865,19.17007],[72.78868,19.16998],[72.78881,19.16997],[72.78891,19.16989],[72.78923,19.17003],[72.78942,19.16982],[72.7896,19.16972],[72.78981,19.16976],[72.78998,19.16984],[72.79054,19.17035],[72.79062,19.17053],[72.79082,19.17064],[72.79101,19.17088],[72.791,19.17102],[72.79081,19.17105],[72.79061,19.17101],[72.79027,19.17108],[72.79014,19.17115],[72.79009,19.17128],[72.79016,19.17176],[72.7907,19.17191],[72.79087,19.17192],[72.79106,19.17183],[72.79124,19.17182],[72.79128,19.17178],[72.79123,19.17163],[72.79138,19.17158],[72.79149,19.17162],[72.79158,19.17176],[72.79165,19.17177],[72.79174,19.17169],[72.79163,19.17135],[72.79168,19.17131],[72.79253,19.17154],[72.79317,19.17187],[72.79352,19.17183],[72.79369,19.17173],[72.79402,19.17181],[72.7942,19.17173],[72.79458,19.17168],[72.79477,19.17153],[72.79479,19.17164],[72.79469,19.17185],[72.79459,19.17189],[72.79438,19.17183],[72.79421,19.17201],[72.79389,19.17211],[72.79383,19.17223],[72.79422,19.17307],[72.79447,19.17413],[72.79488,19.1783],[72.79477,19.17981],[72.7948,19.18012],[72.79486,19.18046],[72.79506,19.18085],[72.79526,19.1816],[72.80489,19.18022],[72.80526,19.17992],[72.80579,19.17883],[72.80611,19.17837],[72.8067,19.17824],[72.81265,19.17762],[72.81296,19.17943],[72.81283,19.18002],[72.81326,19.18184],[72.817,19.18108]]],[[[72.78299,19.13497],[72.78352,19.1342],[72.78358,19.134],[72.78355,19.13373],[72.78344,19.1334],[72.78309,19.13291],[72.78283,19.13265],[72.78248,19.13249],[72.78177,19.13247],[72.78135,19.13254],[72.78121,19.13262],[72.781,19.1333],[72.78065,19.13333],[72.78042,19.13371],[72.78046,19.13407],[72.78091,19.13431],[72.78109,19.13482],[72.78138,19.13518],[72.78154,19.13529],[72.78203,19.13532],[72.78245,19.13522],[72.78278,19.13508],[72.78299,19.13497]]]]}},{"type":"Feature","properties":{"village":"Ward No 5","taluka":"Mumbai Suburban","district":"Mumbai Suburban","lgd":"0","type":"Ward"},"geometry":{"type":"Polygon","coordinates":[[[72.86862,19.24566],[72.86865,19.24286],[72.87009,19.24288],[72.87094,19.24297],[72.87161,19.24298],[72.87165,19.24261],[72.87177,19.24235],[72.87307,19.24227],[72.8749,19.24184],[72.87441,19.23956],[72.87415,19.23865],[72.87387,19.23803],[72.87354,19.23793],[72.87332,19.23793],[72.8727,19.23818],[72.87232,19.23818],[72.87156,19.23802],[72.87131,19.23792],[72.87033,19.23791],[72.86977,19.23796],[72.86923,19.23807],[72.86806,19.23818],[72.86769,19.23831],[72.86697,19.23845],[72.86604,19.23839],[72.86575,19.23849],[72.86474,19.23859],[72.86368,19.23878],[72.86441,19.24357],[72.86455,19.24556],[72.86473,19.24684],[72.86494,19.24752],[72.86541,19.24837],[72.86665,19.25017],[72.86726,19.24963],[72.86784,19.24923],[72.86829,19.24876],[72.8686,19.2481],[72.86839,19.24755],[72.86817,19.24676],[72.86799,19.24638],[72.86831,19.24594],[72.86862,19.24566]]]}},{"type":"Feature","properties":{"village":"Ward No 50","taluka":"Mumbai Suburban","district":"Mumbai Suburban","lgd":"0","type":"Ward"},"geometry":{"type":"Polygon","coordinates":[[[72.84007,19.18005],[72.84235,19.17999],[72.8428,19.17969],[72.84435,19.1794],[72.84482,19.17937],[72.84715,19.17876],[72.84807,19.17865],[72.84854,19.17851],[72.84857,19.1773],[72.84886,19.17154],[72.8463,19.17159],[72.84524,19.17149],[72.84547,19.16828],[72.84373,19.16817],[72.8418,19.16866],[72.84167,19.16879],[72.84151,19.16928],[72.84144,19.17022],[72.83797,19.17058],[72.83545,19.17107],[72.83514,19.16956],[72.83467,19.16356],[72.83119,19.16348],[72.83065,19.16355],[72.8303,19.16385],[72.82961,19.16494],[72.82865,19.16664],[72.82772,19.16739],[72.82604,19.16813],[72.82481,19.1685],[72.82349,19.16861],[72.82414,19.16939],[72.82596,19.17116],[72.82761,19.17307],[72.82858,19.17455],[72.82997,19.17715],[72.83077,19.17898],[72.83066,19.17929],[72.83218,19.17912],[72.83396,19.17922],[72.83417,19.17932],[72.83465,19.17973],[72.83529,19.18008],[72.83563,19.18002],[72.83571,19.18009],[72.83584,19.18058],[72.83595,19.18072],[72.83695,19.18087],[72.83706,19.18083],[72.83716,19.1805],[72.83725,19.18044],[72.83945,19.18042],[72.83968,19.18036],[72.84007,19.18005]]]}},{"type":"Feature","properties":{"village":"Ward No 51","taluka":"Mumbai Suburban","district":"Mumbai Suburban","lgd":"0","type":"Ward"},"geometry":{"type":"Polygon","coordinates":[[[72.84912,19.17814],[72.85029,19.17804],[72.85037,19.17796],[72.85047,19.17744],[72.85064,19.17733],[72.85147,19.17744],[72.85289,19.1775],[72.85333,19.17761],[72.85506,19.17757],[72.85517,19.1776],[72.85525,19.17778],[72.85547,19.17793],[72.85612,19.17773],[72.85643,19.17746],[72.85675,19.17728],[72.85682,19.17717],[72.85711,19.17616],[72.85739,19.17563],[72.85777,19.17544],[72.85797,19.1754],[72.85953,19.17549],[72.85956,19.17545],[72.85964,19.17436],[72.86267,19.17491],[72.86584,19.1756],[72.86614,19.17406],[72.86606,19.17332],[72.86576,19.17186],[72.86464,19.17213],[72.86429,19.16939],[72.86131,19.16964],[72.85932,19.16987],[72.85893,19.16715],[72.85861,19.16448],[72.85681,19.16472],[72.85633,19.16468],[72.85566,19.1645],[72.8551,19.16426],[72.85477,19.16407],[72.854,19.16347],[72.85363,19.1639],[72.85347,19.16416],[72.85272,19.16498],[72.85264,19.16534],[72.85256,19.16632],[72.85419,19.16641],[72.85425,19.17025],[72.85419,19.17116],[72.85401,19.17163],[72.85396,19.17199],[72.85404,19.17245],[72.85386,19.17253],[72.85224,19.17261],[72.85194,19.17268],[72.85146,19.17291],[72.85095,19.17342],[72.85021,19.1738],[72.84951,19.17392],[72.84874,19.17387],[72.84854,19.17851],[72.84912,19.17814]]]}},{"type":"Feature","properties":{"village":"Ward No 52","taluka":"Mumbai Suburban","district":"Mumbai Suburban","lgd":"0","type":"Ward"},"geometry":{"type":"Polygon","coordinates":[[[72.8739,19.17583],[72.87405,19.17522],[72.87433,19.17357],[72.87447,19.17231],[72.87447,19.17184],[72.87474,19.17038],[72.87512,19.16967],[72.87605,19.1683],[72.87766,19.16608],[72.87792,19.16579],[72.87824,19.16549],[72.87875,19.16513],[72.8791,19.16494],[72.87963,19.16477],[72.88467,19.16374],[72.88467,19.16212],[72.88457,19.16148],[72.88418,19.1607],[72.88397,19.15986],[72.88369,19.15963],[72.8829,19.15939],[72.88023,19.15885],[72.87468,19.15741],[72.87422,19.15929],[72.87403,19.15983],[72.87189,19.16199],[72.8705,19.16406],[72.87019,19.16438],[72.86977,19.1646],[72.86919,19.16473],[72.86508,19.16547],[72.86072,19.16613],[72.85882,19.16626],[72.85932,19.16987],[72.86131,19.16964],[72.86429,19.16939],[72.86464,19.17213],[72.86576,19.17186],[72.86606,19.17332],[72.86614,19.17406],[72.86584,19.1756],[72.8664,19.17567],[72.86713,19.17568],[72.86917,19.17557],[72.87087,19.17556],[72.87153,19.17558],[72.87287,19.17578],[72.8739,19.17583]]]}},{"type":"Feature","properties":{"village":"Ward No 53","taluka":"Mumbai Suburban","district":"Mumbai Suburban","lgd":"0","type":"Ward"},"geometry":{"type":"Polygon","coordinates":[[[72.87422,19.15929],[72.87468,19.15741],[72.88023,19.15885],[72.8829,19.15939],[72.88369,19.15963],[72.88397,19.15986],[72.88418,19.1607],[72.88457,19.16148],[72.88467,19.16212],[72.88467,19.16374],[72.88659,19.16332],[72.88814,19.16305],[72.88978,19.16292],[72.89056,19.16277],[72.89146,19.1629],[72.89207,19.16291],[72.89238,19.16298],[72.89288,19.1632],[72.89304,19.16336],[72.89337,19.16301],[72.89382,19.16272],[72.89419,19.16219],[72.89436,19.16171],[72.8945,19.15942],[72.89636,19.15532],[72.89789,19.15255],[72.89886,19.15053],[72.89914,19.14983],[72.89926,19.14902],[72.89916,19.14778],[72.89894,19.14687],[72.89838,19.14528],[72.89779,19.14395],[72.89747,19.14349],[72.8967,19.14271],[72.89509,19.14158],[72.89416,19.14073],[72.894,19.14048],[72.89395,19.13962],[72.89407,19.13959],[72.89436,19.13915],[72.89436,19.13902],[72.89414,19.13861],[72.89411,19.13842],[72.89411,19.13831],[72.89429,19.138],[72.89432,19.13785],[72.89429,19.13778],[72.89391,19.13765],[72.8938,19.13756],[72.89361,19.13722],[72.89356,19.13681],[72.89336,19.13675],[72.89288,19.13672],[72.89267,19.13663],[72.89223,19.1361],[72.891,19.13512],[72.89075,19.13543],[72.89027,19.13578],[72.88984,19.13592],[72.88967,19.13564],[72.88952,19.13515],[72.88904,19.13512],[72.88888,19.13498],[72.88874,19.13462],[72.88784,19.13326],[72.88742,19.13274],[72.88719,19.13266],[72.88661,19.13265],[72.88605,19.13276],[72.88553,19.13298],[72.88527,19.13315],[72.885,19.13342],[72.88495,19.13354],[72.88492,19.13401],[72.88498,19.13477],[72.88495,19.13516],[72.88487,19.13546],[72.88468,19.13575],[72.88435,19.13604],[72.88413,19.13616],[72.88343,19.13646],[72.88224,19.13657],[72.88197,19.13669],[72.88184,19.13686],[72.88149,19.13813],[72.88114,19.13853],[72.88071,19.13872],[72.88048,19.13878],[72.88009,19.13879],[72.87943,19.13862],[72.87784,19.13768],[72.87755,19.13761],[72.87722,19.13761],[72.87643,19.13792],[72.87576,19.13828],[72.8753,19.13841],[72.87487,19.13844],[72.87441,19.13831],[72.87387,19.13827],[72.87253,19.13901],[72.87224,19.13909],[72.87106,19.13918],[72.87058,19.13932],[72.8702,19.1395],[72.8688,19.13995],[72.86838,19.14019],[72.86818,19.1404],[72.86786,19.14054],[72.86711,19.14072],[72.86651,19.1408],[72.86505,19.14116],[72.86353,19.14133],[72.86258,19.1422],[72.86248,19.1422],[72.86213,19.14201],[72.86098,19.14204],[72.8601,19.14212],[72.86002,19.14211],[72.85981,19.1419],[72.8589,19.14189],[72.85827,19.14173],[72.85662,19.14178],[72.85602,19.14184],[72.85557,19.14194],[72.85523,19.14207],[72.85586,19.14396],[72.85627,19.14537],[72.85638,19.14612],[72.85669,19.15001],[72.85702,19.15236],[72.85778,19.15865],[72.85842,19.16296],[72.85882,19.16626],[72.86072,19.16613],[72.86508,19.16547],[72.86977,19.1646],[72.87019,19.16438],[72.8705,19.16406],[72.87189,19.16199],[72.87403,19.15983],[72.87422,19.15929]]]}},{"type":"Feature","properties":{"village":"Ward No 54","taluka":"Mumbai Suburban","district":"Mumbai Suburban","lgd":"0","type":"Ward"},"geometry":{"type":"Polygon","coordinates":[[[72.85347,19.16416],[72.854,19.16347],[72.85477,19.16407],[72.8551,19.16426],[72.85566,19.1645],[72.85633,19.16468],[72.85681,19.16472],[72.85861,19.16448],[72.85842,19.16296],[72.85778,19.15865],[72.85702,19.15236],[72.85669,19.15001],[72.85638,19.14612],[72.85627,19.14537],[72.85586,19.14396],[72.85523,19.14207],[72.85448,19.14226],[72.8539,19.14261],[72.8525,19.14284],[72.85106,19.14316],[72.84963,19.14336],[72.84994,19.14639],[72.85002,19.14914],[72.84996,19.15008],[72.84984,19.15093],[72.8498,19.15218],[72.84983,19.15339],[72.84954,19.15776],[72.84946,19.15956],[72.84925,19.16232],[72.84874,19.17387],[72.84951,19.17392],[72.85021,19.1738],[72.85095,19.17342],[72.85146,19.17291],[72.85194,19.17268],[72.85224,19.17261],[72.85386,19.17253],[72.85404,19.17245],[72.85396,19.17199],[72.85401,19.17163],[72.85419,19.17116],[72.85425,19.17025],[72.85419,19.16641],[72.85256,19.16632],[72.85264,19.16534],[72.85272,19.16498],[72.85347,19.16416]]]}},{"type":"Feature","properties":{"village":"Ward No 55","taluka":"Mumbai Suburban","district":"Mumbai Suburban","lgd":"0","type":"Ward"},"geometry":{"type":"Polygon","coordinates":[[[72.8463,19.17159],[72.84886,19.17154],[72.84925,19.16232],[72.84946,19.15956],[72.84961,19.15688],[72.84599,19.15704],[72.84605,19.15899],[72.83509,19.15921],[72.835,19.1597],[72.83477,19.16033],[72.83464,19.16105],[72.83467,19.16356],[72.83641,19.16344],[72.83859,19.16306],[72.84005,19.16313],[72.83995,19.16419],[72.83976,19.16504],[72.83999,19.1666],[72.84052,19.16646],[72.84066,19.1661],[72.84074,19.16601],[72.84119,19.16579],[72.84263,19.16562],[72.84397,19.16562],[72.84373,19.16817],[72.84547,19.16828],[72.84524,19.17149],[72.8463,19.17159]]]}},{"type":"Feature","properties":{"village":"Ward No 56","taluka":"Mumbai Suburban","district":"Mumbai Suburban","lgd":"0","type":"Ward"},"geometry":{"type":"Polygon","coordinates":[[[72.83797,19.17058],[72.84144,19.17022],[72.84151,19.16928],[72.84167,19.16879],[72.8418,19.16866],[72.84373,19.16817],[72.84397,19.16562],[72.84263,19.16562],[72.84119,19.16579],[72.84074,19.16601],[72.84066,19.1661],[72.84052,19.16646],[72.83999,19.1666],[72.83976,19.16504],[72.83995,19.16419],[72.84005,19.16313],[72.83859,19.16306],[72.83641,19.16344],[72.83467,19.16356],[72.83514,19.16956],[72.83545,19.17107],[72.83797,19.17058]]]}},{"type":"Feature","properties":{"village":"Ward No 57","taluka":"Mumbai Suburban","district":"Mumbai Suburban","lgd":"0","type":"Ward"},"geometry":{"type":"Polygon","coordinates":[[[72.83061,19.16357],[72.83119,19.16348],[72.83467,19.16356],[72.83464,19.16105],[72.83477,19.16033],[72.835,19.1597],[72.83511,19.15913],[72.83507,19.15616],[72.83514,19.15512],[72.83572,19.15131],[72.83555,19.15124],[72.83333,19.15127],[72.83283,19.1513],[72.83244,19.1514],[72.83178,19.15175],[72.83044,19.15275],[72.82928,19.15347],[72.82867,19.15381],[72.82834,19.15386],[72.82808,19.15377],[72.82772,19.15342],[72.82452,19.14956],[72.82388,19.14951],[72.82318,19.14954],[72.82205,19.14992],[72.82178,19.15014],[72.82106,19.15105],[72.82077,19.15182],[72.82058,19.15269],[72.82053,19.15338],[72.8205,19.15504],[72.82029,19.15657],[72.82014,19.1571],[72.81982,19.15785],[72.81919,19.15862],[72.81763,19.15988],[72.81581,19.16161],[72.81959,19.165],[72.82349,19.16861],[72.82481,19.1685],[72.82604,19.16813],[72.82772,19.16739],[72.82865,19.16664],[72.82961,19.16494],[72.8303,19.16385],[72.83061,19.16357]]]}},{"type":"Feature","properties":{"village":"Ward No 58","taluka":"Mumbai Suburban","district":"Mumbai Suburban","lgd":"0","type":"Ward"},"geometry":{"type":"Polygon","coordinates":[[[72.84983,19.15339],[72.8498,19.15218],[72.84984,19.15093],[72.84996,19.15008],[72.85002,19.14914],[72.84999,19.14766],[72.84994,19.14639],[72.84963,19.14336],[72.84898,19.14343],[72.8487,19.1432],[72.84852,19.14315],[72.84742,19.14365],[72.84734,19.14373],[72.84713,19.14427],[72.84692,19.14434],[72.84642,19.14433],[72.84615,19.14463],[72.84606,19.14486],[72.84609,19.14526],[72.84612,19.1454],[72.84634,19.14577],[72.84619,19.14627],[72.84597,19.14725],[72.84558,19.14762],[72.84542,19.14832],[72.84517,19.14878],[72.84458,19.14945],[72.84408,19.14989],[72.84366,19.15018],[72.84333,19.15034],[72.84289,19.15044],[72.84124,19.15023],[72.84071,19.15025],[72.8403,19.15035],[72.83835,19.15174],[72.83765,19.15219],[72.83724,19.15236],[72.8368,19.15234],[72.83668,19.15229],[72.83572,19.15131],[72.83514,19.15512],[72.83507,19.15616],[72.83512,19.15836],[72.83509,19.15921],[72.84605,19.15899],[72.84599,19.15704],[72.84961,19.15688],[72.84983,19.15339]]]}},{"type":"Feature","properties":{"village":"Ward No 59","taluka":"Mumbai Suburban","district":"Mumbai Suburban","lgd":"0","type":"Ward"},"geometry":{"type":"Polygon","coordinates":[[[72.82318,19.14954],[72.82388,19.14951],[72.82452,19.14956],[72.82363,19.14874],[72.81962,19.1438],[72.81954,19.14293],[72.81849,19.14026],[72.81835,19.14021],[72.81816,19.14025],[72.81804,19.14039],[72.81779,19.14098],[72.81691,19.14207],[72.816,19.14265],[72.81549,19.14278],[72.81479,19.14232],[72.81447,19.14199],[72.81447,19.14143],[72.81481,19.14036],[72.81667,19.1373],[72.81688,19.13681],[72.81707,19.13617],[72.81706,19.13586],[72.81685,19.13456],[72.81683,19.13385],[72.81698,19.13304],[72.81699,19.13229],[72.81727,19.12974],[72.81721,19.1296],[72.81707,19.12947],[72.81653,19.12919],[72.8162,19.12894],[72.81556,19.12813],[72.81598,19.12782],[72.816,19.12749],[72.81586,19.12697],[72.81528,19.12657],[72.81343,19.12954],[72.8099,19.13418],[72.80912,19.13509],[72.80711,19.13703],[72.80644,19.13755],[72.8056,19.13808],[72.80529,19.13821],[72.80475,19.13875],[72.80396,19.13928],[72.80346,19.13981],[72.80185,19.14055],[72.80184,19.14064],[72.80201,19.14145],[72.80231,19.14169],[72.80265,19.14209],[72.80325,19.14309],[72.80334,19.14339],[72.80334,19.14379],[72.80353,19.14418],[72.8035,19.14433],[72.80301,19.14496],[72.80278,19.14509],[72.8027,19.14508],[72.8027,19.14547],[72.80297,19.14699],[72.80319,19.14746],[72.8061,19.15227],[72.8072,19.15353],[72.8096,19.15588],[72.81581,19.16161],[72.81763,19.15988],[72.81919,19.15862],[72.81982,19.15785],[72.82014,19.1571],[72.82029,19.15657],[72.8205,19.15504],[72.82053,19.15338],[72.82058,19.15269],[72.82077,19.15182],[72.82095,19.15128],[72.82106,19.15105],[72.82156,19.15039],[72.82178,19.15014],[72.82205,19.14992],[72.82318,19.14954]]]}},{"type":"Feature","properties":{"village":"Ward No 6","taluka":"Mumbai Suburban","district":"Mumbai Suburban","lgd":"0","type":"Ward"},"geometry":{"type":"Polygon","coordinates":[[[72.86441,19.24357],[72.86337,19.23701],[72.86329,19.23697],[72.86318,19.23701],[72.86089,19.23883],[72.86049,19.23905],[72.85987,19.2392],[72.85936,19.23916],[72.85924,19.23911],[72.85913,19.23888],[72.85901,19.2382],[72.85886,19.23783],[72.85865,19.23762],[72.85815,19.23747],[72.85881,19.24105],[72.85906,19.24428],[72.85918,19.24681],[72.85908,19.2496],[72.86043,19.24965],[72.86025,19.2508],[72.86016,19.25222],[72.86091,19.25261],[72.86183,19.2529],[72.86254,19.25292],[72.86279,19.25278],[72.864,19.25188],[72.86376,19.25158],[72.86287,19.24894],[72.86179,19.24708],[72.86358,19.24606],[72.86455,19.24556],[72.86441,19.24357]]]}},{"type":"Feature","properties":{"village":"Ward No 60","taluka":"Mumbai Suburban","district":"Mumbai Suburban","lgd":"0","type":"Ward"},"geometry":{"type":"Polygon","coordinates":[[[72.82999,19.15147],[72.82952,19.14588],[72.83106,19.14599],[72.83133,19.14203],[72.82982,19.14207],[72.8286,19.14193],[72.82824,19.14176],[72.828,19.14151],[72.82786,19.14109],[72.82781,19.14058],[72.8279,19.14018],[72.82826,19.13975],[72.82974,19.13855],[72.83088,19.13798],[72.83157,19.13784],[72.83188,19.13525],[72.83175,19.13409],[72.83131,19.13176],[72.83139,19.13015],[72.83096,19.12815],[72.82572,19.12926],[72.82581,19.1327],[72.82575,19.13986],[72.82378,19.13939],[72.81969,19.14388],[72.82363,19.14874],[72.82452,19.14956],[72.82772,19.15342],[72.82808,19.15377],[72.82834,19.15386],[72.82867,19.15381],[72.83007,19.15298],[72.82999,19.15147]]]}},{"type":"Feature","properties":{"village":"Ward No 61","taluka":"Mumbai Suburban","district":"Mumbai Suburban","lgd":"0","type":"Ward"},"geometry":{"type":"Polygon","coordinates":[[[72.83283,19.1513],[72.83555,19.15124],[72.83572,19.15131],[72.83636,19.14739],[72.83672,19.1456],[72.83666,19.14455],[72.83668,19.14342],[72.83674,19.14309],[72.83688,19.14277],[72.83704,19.14184],[72.83704,19.14148],[72.83623,19.14167],[72.83133,19.14203],[72.83106,19.14599],[72.82952,19.14588],[72.83001,19.15171],[72.83007,19.15298],[72.83213,19.15153],[72.83283,19.1513]]]}},{"type":"Feature","properties":{"village":"Ward No 62","taluka":"Mumbai Suburban","district":"Mumbai Suburban","lgd":"0","type":"Ward"},"geometry":{"type":"Polygon","coordinates":[[[72.84045,19.1503],[72.84124,19.15023],[72.84289,19.15044],[72.84333,19.15034],[72.84366,19.15018],[72.84408,19.14989],[72.84458,19.14945],[72.84517,19.14878],[72.84542,19.14832],[72.84558,19.14762],[72.84597,19.14725],[72.84619,19.14627],[72.84634,19.14577],[72.84612,19.1454],[72.84606,19.14486],[72.84615,19.14463],[72.84634,19.14438],[72.84655,19.1443],[72.84692,19.14434],[72.84713,19.14427],[72.84734,19.14373],[72.84742,19.14365],[72.84852,19.14315],[72.8487,19.1432],[72.84898,19.14343],[72.84963,19.14336],[72.84898,19.13933],[72.84694,19.13966],[72.84672,19.13998],[72.84635,19.1401],[72.84605,19.14039],[72.84548,19.1411],[72.84555,19.14118],[72.84574,19.14124],[72.84576,19.14133],[72.8457,19.14183],[72.84562,19.14208],[72.84552,19.14214],[72.84393,19.14195],[72.84307,19.1418],[72.84271,19.14382],[72.84254,19.14389],[72.84095,19.14412],[72.84027,19.14408],[72.83875,19.14368],[72.83688,19.14277],[72.83674,19.14309],[72.83668,19.14342],[72.83666,19.14455],[72.83672,19.1456],[72.83636,19.14739],[72.83572,19.15131],[72.83668,19.15229],[72.8368,19.15234],[72.83724,19.15236],[72.83765,19.15219],[72.83835,19.15174],[72.84018,19.15041],[72.84045,19.1503]]]}},{"type":"Feature","properties":{"village":"Ward No 63","taluka":"Mumbai Suburban","district":"Mumbai Suburban","lgd":"0","type":"Ward"},"geometry":{"type":"Polygon","coordinates":[[[72.84271,19.14382],[72.84328,19.14042],[72.84357,19.13997],[72.84428,19.13929],[72.84391,19.13876],[72.84362,19.13855],[72.84314,19.13831],[72.84275,19.13827],[72.84217,19.13793],[72.84186,19.13781],[72.84081,19.13797],[72.83928,19.13787],[72.83749,19.13794],[72.83731,19.13788],[72.83721,19.13776],[72.83718,19.1376],[72.8374,19.13663],[72.8375,19.1356],[72.83749,19.1311],[72.83771,19.12886],[72.8377,19.12868],[72.83724,19.12687],[72.83505,19.12714],[72.83429,19.12729],[72.83096,19.12815],[72.83139,19.13015],[72.83131,19.13176],[72.83175,19.13409],[72.83188,19.13525],[72.83157,19.13784],[72.83088,19.13798],[72.82974,19.13855],[72.82826,19.13975],[72.8279,19.14018],[72.82781,19.14058],[72.82786,19.14109],[72.828,19.14151],[72.82824,19.14176],[72.8286,19.14193],[72.82982,19.14207],[72.83133,19.14203],[72.83623,19.14167],[72.83704,19.14148],[72.83704,19.14184],[72.83688,19.14277],[72.83875,19.14368],[72.83988,19.144],[72.84063,19.14413],[72.84214,19.14396],[72.84271,19.14382]]]}},{"type":"Feature","properties":{"village":"Ward No 64","taluka":"Mumbai Suburban","district":"Mumbai Suburban","lgd":"0","type":"Ward"},"geometry":{"type":"Polygon","coordinates":[[[72.84898,19.13933],[72.8476,19.12748],[72.84319,19.12797],[72.84314,19.12866],[72.84298,19.12905],[72.84239,19.12961],[72.84227,19.13004],[72.84253,19.13119],[72.84242,19.13142],[72.84233,19.13144],[72.84213,19.13137],[72.84163,19.1311],[72.84146,19.1311],[72.84127,19.13121],[72.84087,19.13161],[72.84016,19.13295],[72.83998,19.13302],[72.83979,19.13305],[72.83964,19.13298],[72.83932,19.13229],[72.83902,19.132],[72.83749,19.1311],[72.8375,19.1356],[72.8374,19.13663],[72.83718,19.1376],[72.83721,19.13776],[72.83731,19.13788],[72.83749,19.13794],[72.83928,19.13787],[72.84081,19.13797],[72.84186,19.13781],[72.84217,19.13793],[72.84275,19.13827],[72.84314,19.13831],[72.84338,19.13841],[72.84391,19.13876],[72.84428,19.13929],[72.84357,19.13997],[72.84328,19.14042],[72.84307,19.1418],[72.8453,19.14213],[72.84552,19.14214],[72.84562,19.14208],[72.8457,19.14183],[72.84576,19.14133],[72.84574,19.14124],[72.84555,19.14118],[72.84548,19.1411],[72.84605,19.14039],[72.84635,19.1401],[72.84672,19.13998],[72.84694,19.13966],[72.84898,19.13933]]]}},{"type":"Feature","properties":{"village":"Ward No 65","taluka":"Mumbai Suburban","district":"Mumbai Suburban","lgd":"0","type":"Ward"},"geometry":{"type":"Polygon","coordinates":[[[72.84127,19.13121],[72.84146,19.1311],[72.84163,19.1311],[72.84213,19.13137],[72.84233,19.13144],[72.84242,19.13142],[72.84253,19.13119],[72.84227,19.13004],[72.84239,19.12961],[72.84298,19.12905],[72.84314,19.12866],[72.84319,19.12797],[72.8476,19.12748],[72.84665,19.12175],[72.84466,19.12285],[72.84278,19.12368],[72.84201,19.12416],[72.841,19.12435],[72.84088,19.12427],[72.84081,19.12352],[72.84118,19.1226],[72.84153,19.12202],[72.84172,19.12179],[72.84188,19.12141],[72.84151,19.12078],[72.84132,19.12066],[72.84099,19.12024],[72.84129,19.11991],[72.84127,19.11954],[72.84112,19.11917],[72.84103,19.11879],[72.84046,19.1188],[72.83983,19.11895],[72.83951,19.11897],[72.83919,19.11949],[72.8376,19.12014],[72.83823,19.12314],[72.83849,19.12522],[72.83872,19.12651],[72.8381,19.12673],[72.83724,19.12687],[72.8377,19.12868],[72.8377,19.12904],[72.83749,19.1311],[72.83902,19.132],[72.83932,19.13229],[72.83964,19.13298],[72.83979,19.13305],[72.84016,19.13295],[72.84087,19.13161],[72.84127,19.13121]]]}},{"type":"Feature","properties":{"village":"Ward No 66","taluka":"Mumbai Suburban","district":"Mumbai Suburban","lgd":"0","type":"Ward"},"geometry":{"type":"Polygon","coordinates":[[[72.84626,19.12198],[72.84437,19.1169],[72.84407,19.11663],[72.84379,19.11647],[72.84351,19.11643],[72.8388,19.11631],[72.83628,19.11613],[72.83499,19.11614],[72.83487,19.11618],[72.83487,19.11644],[72.83492,19.11664],[72.83519,19.11667],[72.83632,19.11662],[72.83678,19.1167],[72.83677,19.11758],[72.83686,19.11842],[72.83683,19.11877],[72.83675,19.11893],[72.83654,19.11988],[72.83655,19.12028],[72.83688,19.12027],[72.8376,19.12014],[72.83919,19.11949],[72.83951,19.11897],[72.83983,19.11895],[72.84046,19.1188],[72.84103,19.11879],[72.84112,19.11917],[72.84127,19.11954],[72.84129,19.11991],[72.84099,19.12024],[72.84132,19.12066],[72.84151,19.12078],[72.84188,19.12141],[72.84172,19.12179],[72.84153,19.12202],[72.84118,19.1226],[72.84081,19.12352],[72.84088,19.12427],[72.841,19.12435],[72.84201,19.12416],[72.84278,19.12368],[72.84466,19.12285],[72.84626,19.12198]]]}},{"type":"Feature","properties":{"village":"Ward No 67","taluka":"Mumbai Suburban","district":"Mumbai Suburban","lgd":"0","type":"Ward"},"geometry":{"type":"Polygon","coordinates":[[[72.83823,19.12314],[72.8376,19.12014],[72.83688,19.12027],[72.83655,19.12028],[72.83654,19.11988],[72.83675,19.11893],[72.83683,19.11877],[72.83686,19.11842],[72.83677,19.11758],[72.83678,19.1167],[72.83632,19.11662],[72.83519,19.11667],[72.83492,19.11664],[72.83487,19.11644],[72.83487,19.11618],[72.83499,19.11614],[72.83628,19.11613],[72.83749,19.11619],[72.83826,19.11629],[72.84039,19.11635],[72.8392,19.11339],[72.83892,19.11317],[72.83831,19.11287],[72.83755,19.11263],[72.83748,19.11246],[72.83751,19.11175],[72.83744,19.11097],[72.83726,19.10981],[72.83702,19.10722],[72.83485,19.10717],[72.82979,19.10719],[72.82979,19.11247],[72.82888,19.11289],[72.82858,19.11316],[72.82841,19.11341],[72.82832,19.11379],[72.82827,19.11506],[72.82827,19.11585],[72.82867,19.11571],[72.82868,19.11614],[72.82946,19.11613],[72.82973,19.11651],[72.82971,19.11711],[72.82388,19.1237],[72.82451,19.12464],[72.82501,19.12553],[72.82572,19.12926],[72.83096,19.12815],[72.83429,19.12729],[72.83505,19.12714],[72.83676,19.12694],[72.8381,19.12673],[72.83872,19.12651],[72.83849,19.12522],[72.83823,19.12314]]]}},{"type":"Feature","properties":{"village":"Ward No 68","taluka":"Mumbai Suburban","district":"Mumbai Suburban","lgd":"0","type":"Ward"},"geometry":{"type":"Polygon","coordinates":[[[72.81969,19.14388],[72.82378,19.13939],[72.82575,19.13986],[72.82581,19.1327],[72.82575,19.12941],[72.82501,19.12553],[72.82451,19.12464],[72.82388,19.1237],[72.82971,19.11711],[72.82973,19.11651],[72.82946,19.11613],[72.82825,19.11613],[72.82797,19.11682],[72.82666,19.11805],[72.8254,19.11902],[72.82312,19.1198],[72.82221,19.11931],[72.8218,19.11928],[72.82121,19.11949],[72.81987,19.11893],[72.81957,19.11965],[72.81929,19.12011],[72.81883,19.12059],[72.81828,19.12139],[72.81733,19.12323],[72.81528,19.12657],[72.81586,19.12697],[72.816,19.12749],[72.81598,19.12782],[72.81556,19.12813],[72.8162,19.12894],[72.81653,19.12919],[72.81707,19.12947],[72.81721,19.1296],[72.81727,19.12974],[72.81699,19.13229],[72.81698,19.13304],[72.81683,19.13385],[72.81685,19.13456],[72.81706,19.13586],[72.81707,19.13617],[72.81688,19.13681],[72.81667,19.1373],[72.81481,19.14036],[72.81447,19.14143],[72.81447,19.14199],[72.81479,19.14232],[72.81549,19.14278],[72.816,19.14265],[72.81691,19.14207],[72.81779,19.14098],[72.81804,19.14039],[72.81816,19.14025],[72.81835,19.14021],[72.81849,19.14026],[72.81954,19.14293],[72.81962,19.1438],[72.81969,19.14388]]]}},{"type":"Feature","properties":{"village":"Ward No 69","taluka":"Mumbai Suburban","district":"Mumbai Suburban","lgd":"0","type":"Ward"},"geometry":{"type":"Polygon","coordinates":[[[72.82312,19.1198],[72.8254,19.11902],[72.82666,19.11805],[72.82797,19.11682],[72.82825,19.11613],[72.82868,19.11614],[72.82867,19.11571],[72.82827,19.11585],[72.82832,19.11379],[72.82841,19.11341],[72.82858,19.11316],[72.82888,19.11289],[72.82979,19.11247],[72.82979,19.10719],[72.83485,19.10717],[72.83702,19.10722],[72.83703,19.10312],[72.8371,19.10275],[72.83748,19.10237],[72.83936,19.10164],[72.83945,19.10053],[72.83911,19.10046],[72.8389,19.10049],[72.83884,19.10054],[72.83884,19.10088],[72.83876,19.10097],[72.83865,19.10101],[72.83841,19.10101],[72.83807,19.10093],[72.8377,19.10096],[72.83494,19.10131],[72.83281,19.10145],[72.83218,19.10154],[72.83177,19.10165],[72.83147,19.10205],[72.8314,19.10239],[72.83166,19.10317],[72.82774,19.10405],[72.82807,19.10176],[72.82845,19.10177],[72.82885,19.09834],[72.82802,19.09827],[72.82791,19.09812],[72.82752,19.09782],[72.82675,19.09771],[72.82699,19.09641],[72.82617,19.09624],[72.82598,19.0975],[72.82546,19.09907],[72.82395,19.10446],[72.82347,19.10764],[72.82315,19.10902],[72.82298,19.11004],[72.82227,19.1125],[72.82076,19.11662],[72.81987,19.11893],[72.82121,19.11949],[72.8218,19.11928],[72.82221,19.11931],[72.82312,19.1198]]]}},{"type":"Feature","properties":{"village":"Ward No 7","taluka":"Mumbai Suburban","district":"Mumbai Suburban","lgd":"0","type":"Ward"},"geometry":{"type":"Polygon","coordinates":[[[72.859,19.25204],[72.85918,19.24686],[72.8577,19.2468],[72.85755,19.24699],[72.85751,19.24747],[72.85742,19.24786],[72.85699,19.24788],[72.85471,19.24698],[72.85338,19.24826],[72.8533,19.24849],[72.85335,19.24889],[72.85363,19.24986],[72.8534,19.24988],[72.85246,19.24903],[72.85152,19.24924],[72.85035,19.24961],[72.85106,19.25116],[72.85159,19.2517],[72.84868,19.25491],[72.84966,19.25581],[72.85148,19.25715],[72.85207,19.2575],[72.85383,19.25817],[72.85499,19.25841],[72.85566,19.25848],[72.85706,19.25843],[72.85838,19.25822],[72.859,19.25204]]]}},{"type":"Feature","properties":{"village":"Ward No 70","taluka":"Mumbai Suburban","district":"Mumbai Suburban","lgd":"0","type":"Ward"},"geometry":{"type":"Polygon","coordinates":[[[72.84456,19.10463],[72.84379,19.10002],[72.84252,19.10016],[72.84242,19.10273],[72.84198,19.10276],[72.84142,19.10252],[72.8411,19.10245],[72.84089,19.10245],[72.83993,19.10263],[72.83928,19.10266],[72.83936,19.10164],[72.83748,19.10237],[72.8371,19.10275],[72.83703,19.10312],[72.83702,19.10734],[72.83726,19.10981],[72.83744,19.11097],[72.83751,19.11175],[72.83748,19.11246],[72.83755,19.11263],[72.83831,19.11287],[72.83892,19.11317],[72.8392,19.11339],[72.84039,19.11635],[72.84351,19.11643],[72.84379,19.11647],[72.84407,19.11663],[72.84437,19.1169],[72.84626,19.12198],[72.84665,19.12175],[72.8465,19.1209],[72.84456,19.10463]]]}},{"type":"Feature","properties":{"village":"Ward No 9","taluka":"Mumbai Suburban","district":"Mumbai Suburban","lgd":"0","type":"Ward"},"geometry":{"type":"Polygon","coordinates":[[[72.78379,19.2651],[72.78773,19.26334],[72.78948,19.26169],[72.79097,19.26172],[72.7917,19.26195],[72.79275,19.26203],[72.79603,19.26253],[72.79906,19.26249],[72.79972,19.26255],[72.79985,19.26226],[72.79997,19.26227],[72.80024,19.26219],[72.8006,19.2616],[72.80092,19.26142],[72.80038,19.26097],[72.80041,19.26047],[72.80052,19.26041],[72.80083,19.2599],[72.80082,19.25975],[72.80104,19.25933],[72.80162,19.25941],[72.80174,19.2585],[72.80216,19.25809],[72.80454,19.25663],[72.80797,19.25366],[72.80982,19.25198],[72.8117,19.25046],[72.81269,19.24976],[72.81854,19.24782],[72.82148,19.24694],[72.82402,19.24596],[72.83457,19.25069],[72.83597,19.24994],[72.83737,19.24854],[72.83911,19.24702],[72.84283,19.24317],[72.84397,19.24084],[72.84279,19.23957],[72.84223,19.23891],[72.8418,19.2382],[72.84331,19.23758],[72.8435,19.23746],[72.84367,19.23721],[72.84366,19.23513],[72.84079,19.23506],[72.84116,19.23004],[72.83479,19.2313],[72.8292,19.23234],[72.82769,19.2236],[72.82684,19.2244],[72.82487,19.22513],[72.82347,19.22537],[72.82221,19.22524],[72.82141,19.22485],[72.82063,19.22394],[72.81983,19.22256],[72.81885,19.22172],[72.81814,19.22148],[72.81752,19.2215],[72.81685,19.22163],[72.81633,19.22193],[72.81436,19.22433],[72.81344,19.22402],[72.80663,19.21748],[72.80613,19.21908],[72.80571,19.21998],[72.80497,19.22083],[72.80367,19.22167],[72.80172,19.2227],[72.79987,19.22359],[72.7981,19.22419],[72.79641,19.22449],[72.79469,19.2245],[72.7932,19.22429],[72.79236,19.22436],[72.79103,19.22487],[72.79038,19.22529],[72.78917,19.22568],[72.78897,19.2257],[72.78671,19.22576],[72.7848,19.22574],[72.78413,19.22568],[72.78377,19.22556],[72.78342,19.22535],[72.78327,19.22519],[72.78241,19.22411],[72.78232,19.22391],[72.78226,19.22362],[72.78228,19.22192],[72.78224,19.22178],[72.7821,19.22161],[72.78111,19.22098],[72.77935,19.21999],[72.77874,19.21982],[72.77858,19.21994],[72.77853,19.22005],[72.77827,19.22014],[72.77813,19.22014],[72.77762,19.22081],[72.77748,19.22108],[72.77691,19.22131],[72.7765,19.22167],[72.77634,19.2219],[72.77613,19.22249],[72.77614,19.22307],[72.77601,19.2234],[72.77603,19.22358],[72.7762,19.22377],[72.77622,19.22391],[72.77614,19.22403],[72.77616,19.22421],[72.77607,19.22455],[72.77596,19.22473],[72.77611,19.22498],[72.77619,19.22547],[72.7765,19.22617],[72.77651,19.22629],[72.77664,19.22632],[72.77698,19.2266],[72.77718,19.22669],[72.77731,19.22695],[72.77763,19.22706],[72.77766,19.22719],[72.77753,19.22745],[72.7779,19.22772],[72.77804,19.22809],[72.77817,19.22826],[72.77851,19.22841],[72.77871,19.22843],[72.77883,19.22854],[72.77886,19.22866],[72.77863,19.22892],[72.77876,19.22903],[72.77907,19.22902],[72.77909,19.22957],[72.7792,19.22988],[72.77951,19.23011],[72.77988,19.23023],[72.78007,19.2307],[72.77998,19.23108],[72.77985,19.23128],[72.77928,19.23177],[72.77925,19.23197],[72.77943,19.23232],[72.77942,19.23238],[72.77926,19.23257],[72.77912,19.23286],[72.77879,19.23324],[72.77881,19.23333],[72.77891,19.23342],[72.77912,19.23345],[72.77963,19.23343],[72.77973,19.23348],[72.7796,19.23387],[72.77972,19.2341],[72.77973,19.2344],[72.77957,19.23516],[72.77951,19.23521],[72.77931,19.23512],[72.77888,19.23519],[72.77885,19.2357],[72.77876,19.23594],[72.77876,19.23615],[72.77824,19.2366],[72.77802,19.23698],[72.77793,19.23736],[72.77764,19.2375],[72.77757,19.23758],[72.77754,19.23787],[72.77769,19.23817],[72.77769,19.2384],[72.77779,19.23846],[72.77837,19.23823],[72.77849,19.23828],[72.77865,19.23846],[72.77877,19.2385],[72.77906,19.23838],[72.77915,19.23839],[72.77947,19.23866],[72.7802,19.23914],[72.78067,19.23991],[72.78075,19.2402],[72.78078,19.24063],[72.78058,19.24097],[72.78059,19.24108],[72.78052,19.24124],[72.78052,19.24146],[72.78045,19.24163],[72.78038,19.24168],[72.7802,19.2416],[72.77994,19.24177],[72.77954,19.24233],[72.77954,19.24241],[72.77964,19.24255],[72.77989,19.24242],[72.78016,19.24253],[72.78052,19.24285],[72.7806,19.24328],[72.78168,19.24591],[72.78232,19.2489],[72.78272,19.25141],[72.78276,19.25206],[72.78261,19.25379],[72.78229,19.25522],[72.78181,19.25632],[72.78158,19.25667],[72.78158,19.25672],[72.78176,19.25675],[72.78172,19.25695],[72.78164,19.25707],[72.78142,19.25716],[72.78134,19.25727],[72.78137,19.25774],[72.78134,19.25859],[72.78129,19.25881],[72.78107,19.25908],[72.78094,19.25904],[72.78087,19.25908],[72.78073,19.25907],[72.78067,19.25918],[72.78076,19.25935],[72.78051,19.25951],[72.78027,19.25951],[72.78005,19.25937],[72.77987,19.25949],[72.77968,19.25954],[72.77964,19.25945],[72.77956,19.25942],[72.77954,19.25958],[72.77969,19.25981],[72.77986,19.25987],[72.77999,19.25984],[72.78,19.25999],[72.78007,19.26005],[72.78056,19.26013],[72.78089,19.26006],[72.78107,19.26008],[72.78128,19.2603],[72.78146,19.26026],[72.78157,19.26036],[72.78172,19.26018],[72.782,19.2602],[72.78209,19.26015],[72.78222,19.26018],[72.78231,19.26029],[72.78224,19.26048],[72.78231,19.26081],[72.78217,19.26096],[72.78228,19.26112],[72.78234,19.26109],[72.78244,19.26082],[72.78256,19.26073],[72.78297,19.26084],[72.78322,19.26097],[72.78328,19.26108],[72.78314,19.26124],[72.7832,19.2613],[72.78318,19.26145],[72.78324,19.26148],[72.78335,19.26143],[72.78332,19.26169],[72.78349,19.26167],[72.78355,19.26176],[72.78354,19.2619],[72.78387,19.26214],[72.7841,19.26252],[72.78431,19.26311],[72.78447,19.26322],[72.78448,19.26329],[72.78433,19.2635],[72.78391,19.26385],[72.78382,19.26399],[72.78377,19.2643],[72.78369,19.26442],[72.78369,19.26504],[72.78379,19.2651]]]}},{"type":"Feature","properties":{"village":"Ward No 72","taluka":"Mumbai Suburban","district":"Mumbai Suburban","lgd":"0","type":"Ward"},"geometry":{"type":"Polygon","coordinates":[[[72.85537,19.1333],[72.85549,19.12904],[72.85452,19.12905],[72.85405,19.12887],[72.85369,19.129],[72.8534,19.12925],[72.85333,19.12922],[72.85286,19.12935],[72.85263,19.12957],[72.85244,19.12964],[72.85239,19.1296],[72.8524,19.12892],[72.85224,19.1284],[72.85216,19.1283],[72.85189,19.1283],[72.8518,19.12825],[72.85149,19.12821],[72.85142,19.12807],[72.85196,19.12692],[72.85193,19.12615],[72.85177,19.12521],[72.85172,19.12509],[72.85148,19.12493],[72.85109,19.12367],[72.85083,19.12233],[72.85077,19.12218],[72.85023,19.12151],[72.8495,19.12084],[72.84909,19.12037],[72.84892,19.1204],[72.84722,19.1215],[72.84665,19.12175],[72.8476,19.12748],[72.84898,19.13933],[72.84963,19.14336],[72.85106,19.14316],[72.8525,19.14284],[72.8539,19.14261],[72.85448,19.14226],[72.85523,19.14207],[72.85499,19.14149],[72.85491,19.14068],[72.85537,19.1333]]]}},{"type":"Feature","properties":{"village":"Ward No 73","taluka":"Mumbai Suburban","district":"Mumbai Suburban","lgd":"0","type":"Ward"},"geometry":{"type":"Polygon","coordinates":[[[72.86299,19.13902],[72.86334,19.13899],[72.86389,19.13904],[72.86521,19.13926],[72.86653,19.13968],[72.86706,19.1398],[72.86691,19.13864],[72.86883,19.13842],[72.86854,19.13576],[72.86829,19.13437],[72.86783,19.13463],[72.86757,19.13493],[72.86623,19.13505],[72.86518,19.13529],[72.86461,19.13525],[72.86397,19.1355],[72.86385,19.13546],[72.86312,19.13612],[72.86249,19.13644],[72.86196,19.1368],[72.86149,19.13631],[72.86118,19.13578],[72.861,19.13565],[72.86074,19.13555],[72.86037,19.13549],[72.85994,19.13559],[72.85903,19.1357],[72.85876,19.13561],[72.85754,19.13549],[72.85719,19.13529],[72.85703,19.13509],[72.85688,19.13475],[72.85671,19.13466],[72.85586,19.13479],[72.85528,19.13499],[72.85491,19.14068],[72.85499,19.14149],[72.85523,19.14207],[72.85557,19.14194],[72.85602,19.14184],[72.85662,19.14178],[72.85822,19.14173],[72.85805,19.1408],[72.85811,19.14072],[72.86042,19.13961],[72.86143,19.13934],[72.86299,19.13902]]]}},{"type":"Feature","properties":{"village":"Ward No 74","taluka":"Mumbai Suburban","district":"Mumbai Suburban","lgd":"0","type":"Ward"},"geometry":{"type":"Polygon","coordinates":[[[72.86274,19.14207],[72.86285,19.14192],[72.86332,19.14156],[72.86353,19.14133],[72.86505,19.14116],[72.86651,19.1408],[72.86711,19.14072],[72.86786,19.14054],[72.86818,19.1404],[72.86838,19.14019],[72.8688,19.13995],[72.8702,19.1395],[72.87058,19.13932],[72.87106,19.13918],[72.87224,19.13909],[72.87253,19.13901],[72.87387,19.13827],[72.87441,19.13831],[72.87487,19.13844],[72.8753,19.13841],[72.87576,19.13828],[72.87643,19.13792],[72.87722,19.13761],[72.87755,19.13761],[72.87784,19.13768],[72.87943,19.13862],[72.87994,19.13877],[72.88048,19.13878],[72.88088,19.13866],[72.88125,19.13844],[72.88149,19.13813],[72.88184,19.13686],[72.88197,19.13669],[72.88224,19.13657],[72.88343,19.13646],[72.88413,19.13616],[72.88435,19.13604],[72.88468,19.13575],[72.88487,19.13546],[72.88495,19.13516],[72.88498,19.13477],[72.88492,19.13401],[72.88495,19.13354],[72.885,19.13342],[72.88527,19.13315],[72.88553,19.13298],[72.88605,19.13276],[72.88661,19.13265],[72.88719,19.13266],[72.88742,19.13274],[72.88784,19.13326],[72.88874,19.13462],[72.88888,19.13498],[72.88904,19.13512],[72.88952,19.13515],[72.88967,19.13564],[72.88984,19.13592],[72.89027,19.13578],[72.89075,19.13543],[72.89115,19.13486],[72.8912,19.13453],[72.89106,19.13354],[72.89059,19.13213],[72.88964,19.13038],[72.88923,19.12995],[72.88822,19.1294],[72.8875,19.12918],[72.88673,19.12878],[72.88624,19.12906],[72.88571,19.12923],[72.8804,19.12934],[72.88004,19.12929],[72.87669,19.12988],[72.87596,19.1303],[72.87539,19.13069],[72.87505,19.13101],[72.87467,19.13159],[72.87454,19.13199],[72.87441,19.13376],[72.87433,19.13403],[72.87427,19.13406],[72.87366,19.13338],[72.87398,19.13197],[72.87398,19.1314],[72.87373,19.13119],[72.87337,19.13049],[72.87312,19.13033],[72.873,19.12999],[72.87292,19.13006],[72.87235,19.13097],[72.87203,19.13116],[72.87174,19.13113],[72.87021,19.12987],[72.86948,19.12911],[72.86864,19.12846],[72.868,19.12896],[72.86796,19.12922],[72.86884,19.13109],[72.8697,19.1325],[72.87,19.13396],[72.86998,19.13407],[72.86993,19.1341],[72.86877,19.1342],[72.86829,19.13437],[72.86854,19.13576],[72.86883,19.13842],[72.86691,19.13864],[72.86706,19.1398],[72.86653,19.13968],[72.86521,19.13926],[72.86389,19.13904],[72.86334,19.13899],[72.86299,19.13902],[72.86143,19.13934],[72.86042,19.13961],[72.85805,19.14076],[72.85822,19.14173],[72.8589,19.14189],[72.85981,19.1419],[72.86002,19.14211],[72.8601,19.14212],[72.86098,19.14204],[72.86213,19.14201],[72.86253,19.14221],[72.86274,19.14207]]]}},{"type":"Feature","properties":{"village":"Ward No 75","taluka":"Mumbai Suburban","district":"Mumbai Suburban","lgd":"0","type":"Ward"},"geometry":{"type":"Polygon","coordinates":[[[72.88279,19.11712],[72.88082,19.11706],[72.88014,19.11708],[72.87967,19.11633],[72.87904,19.11547],[72.87886,19.11507],[72.87873,19.11455],[72.87826,19.11446],[72.87829,19.11399],[72.87794,19.11297],[72.87766,19.11289],[72.87625,19.11292],[72.87608,19.11276],[72.87611,19.11251],[72.87582,19.11207],[72.87533,19.11198],[72.87509,19.11162],[72.87483,19.11152],[72.87467,19.1114],[72.87449,19.11063],[72.87416,19.10999],[72.87348,19.11026],[72.87141,19.11096],[72.87196,19.11173],[72.87266,19.11284],[72.88032,19.12516],[72.88083,19.12585],[72.88136,19.12645],[72.88191,19.12694],[72.88216,19.1271],[72.88319,19.12766],[72.88415,19.12799],[72.88441,19.1276],[72.88487,19.1273],[72.88555,19.12711],[72.88602,19.12706],[72.88627,19.12691],[72.88638,19.12667],[72.88651,19.12555],[72.88668,19.12462],[72.88717,19.1236],[72.88734,19.12276],[72.88745,19.1225],[72.88811,19.12195],[72.88814,19.12183],[72.88801,19.1216],[72.88699,19.12121],[72.88667,19.12102],[72.88642,19.1208],[72.8862,19.12051],[72.88606,19.12017],[72.88595,19.11924],[72.88565,19.11846],[72.88441,19.11772],[72.88358,19.11751],[72.88305,19.11721],[72.88279,19.11712]]]}},{"type":"Feature","properties":{"village":"Ward No 76","taluka":"Mumbai Suburban","district":"Mumbai Suburban","lgd":"0","type":"Ward"},"geometry":{"type":"Polygon","coordinates":[[[72.87632,19.13009],[72.87669,19.12988],[72.87986,19.12931],[72.8804,19.12934],[72.88571,19.12923],[72.88624,19.12906],[72.88673,19.12878],[72.88489,19.12812],[72.88453,19.1281],[72.88319,19.12766],[72.88249,19.12731],[72.88191,19.12694],[72.88111,19.12618],[72.88032,19.12516],[72.87266,19.11284],[72.87196,19.11173],[72.87141,19.11096],[72.86685,19.11208],[72.86726,19.11371],[72.86795,19.11432],[72.86807,19.11448],[72.8684,19.11787],[72.86871,19.1179],[72.8697,19.11819],[72.87007,19.11848],[72.8703,19.11883],[72.87047,19.11924],[72.87051,19.11947],[72.87071,19.12188],[72.87155,19.12309],[72.87154,19.12316],[72.87123,19.12333],[72.87,19.1239],[72.86939,19.12429],[72.86893,19.12462],[72.86872,19.12492],[72.86855,19.12505],[72.86744,19.1255],[72.86727,19.12573],[72.86687,19.12588],[72.86741,19.12727],[72.86838,19.12827],[72.86948,19.12911],[72.87021,19.12987],[72.87174,19.13113],[72.87203,19.13116],[72.87235,19.13097],[72.87292,19.13006],[72.873,19.12999],[72.87312,19.13033],[72.87337,19.13049],[72.87373,19.13119],[72.87398,19.1314],[72.87398,19.13197],[72.87366,19.13338],[72.87427,19.13406],[72.87433,19.13403],[72.87441,19.13376],[72.87454,19.13199],[72.87467,19.13159],[72.87505,19.13101],[72.87524,19.13083],[72.87632,19.13009]]]}},{"type":"Feature","properties":{"village":"Ward No 77","taluka":"Mumbai Suburban","district":"Mumbai Suburban","lgd":"0","type":"Ward"},"geometry":{"type":"Polygon","coordinates":[[[72.86383,19.13547],[72.86397,19.1355],[72.86461,19.13525],[72.86518,19.13529],[72.86623,19.13505],[72.86757,19.13493],[72.86783,19.13463],[72.86852,19.13428],[72.86877,19.1342],[72.86998,19.13407],[72.87,19.13396],[72.8697,19.1325],[72.86884,19.13109],[72.86796,19.12924],[72.86623,19.13016],[72.86569,19.13026],[72.8656,19.13014],[72.86509,19.13025],[72.86508,19.12995],[72.86434,19.12998],[72.8628,19.1298],[72.86275,19.13118],[72.86074,19.1313],[72.86051,19.13149],[72.86025,19.13159],[72.86021,19.1317],[72.86022,19.13243],[72.86034,19.1327],[72.86051,19.13353],[72.86045,19.13406],[72.86048,19.13452],[72.86045,19.13512],[72.86037,19.13549],[72.86074,19.13555],[72.861,19.13565],[72.86118,19.13578],[72.86149,19.13631],[72.86196,19.1368],[72.86249,19.13644],[72.86312,19.13612],[72.86383,19.13547]]]}},{"type":"Feature","properties":{"village":"Ward No 78","taluka":"Mumbai Suburban","district":"Mumbai Suburban","lgd":"0","type":"Ward"},"geometry":{"type":"Polygon","coordinates":[[[72.86045,19.13512],[72.86045,19.13406],[72.86051,19.13353],[72.86034,19.1327],[72.86022,19.13243],[72.86021,19.1317],[72.86025,19.13159],[72.86051,19.13149],[72.86074,19.1313],[72.8608,19.13057],[72.86077,19.13027],[72.86069,19.13007],[72.86062,19.13006],[72.86036,19.13022],[72.86028,19.13022],[72.86005,19.13003],[72.85967,19.13002],[72.85915,19.13025],[72.85892,19.13009],[72.8586,19.13004],[72.85822,19.13002],[72.85795,19.13007],[72.85779,19.13017],[72.85776,19.13071],[72.85771,19.13077],[72.85731,19.13077],[72.8571,19.13091],[72.85648,19.13092],[72.85621,19.13116],[72.85615,19.13133],[72.85612,19.1316],[72.85599,19.13183],[72.85543,19.13189],[72.85528,19.13499],[72.85586,19.13479],[72.85671,19.13466],[72.85688,19.13475],[72.85703,19.13509],[72.85719,19.13529],[72.85746,19.13545],[72.85876,19.13561],[72.85912,19.1357],[72.86037,19.13549],[72.86045,19.13512]]]}},{"type":"Feature","properties":{"village":"Ward No 79","taluka":"Mumbai Suburban","district":"Mumbai Suburban","lgd":"0","type":"Ward"},"geometry":{"type":"Polygon","coordinates":[[[72.85543,19.13189],[72.85599,19.13183],[72.85612,19.1316],[72.85615,19.13133],[72.85621,19.13116],[72.85648,19.13092],[72.8571,19.13091],[72.85731,19.13077],[72.85771,19.13077],[72.85776,19.13071],[72.85778,19.13025],[72.85783,19.13011],[72.85822,19.13002],[72.85892,19.13009],[72.85915,19.13025],[72.85967,19.13002],[72.86005,19.13003],[72.86028,19.13022],[72.86036,19.13022],[72.86062,19.13006],[72.86069,19.13007],[72.86077,19.13027],[72.8608,19.13057],[72.86074,19.1313],[72.86275,19.13118],[72.8628,19.1298],[72.86434,19.12998],[72.86508,19.12995],[72.86509,19.13025],[72.8656,19.13014],[72.86569,19.13026],[72.86623,19.13016],[72.86796,19.12924],[72.868,19.12896],[72.86864,19.12846],[72.86838,19.12827],[72.86744,19.12732],[72.86678,19.12566],[72.86657,19.12537],[72.86631,19.12523],[72.86506,19.12508],[72.8638,19.1256],[72.86303,19.1257],[72.86261,19.12568],[72.86123,19.12585],[72.861,19.12428],[72.86067,19.1232],[72.85984,19.12222],[72.85959,19.12155],[72.85946,19.12131],[72.85928,19.12131],[72.8589,19.12149],[72.85858,19.12154],[72.85762,19.12138],[72.85747,19.12138],[72.85685,19.12156],[72.8563,19.12147],[72.85678,19.12345],[72.85682,19.12373],[72.85681,19.12412],[72.85675,19.12456],[72.85655,19.12507],[72.85633,19.12554],[72.8558,19.12639],[72.85557,19.12698],[72.8555,19.12747],[72.85543,19.13189]]]}},{"type":"Feature","properties":{"village":"Ward No 8","taluka":"Mumbai Suburban","district":"Mumbai Suburban","lgd":"0","type":"Ward"},"geometry":{"type":"Polygon","coordinates":[[[72.85363,19.24986],[72.85335,19.24889],[72.8533,19.24849],[72.85338,19.24826],[72.85471,19.24698],[72.85699,19.24788],[72.85742,19.24786],[72.85751,19.24747],[72.85755,19.24699],[72.8577,19.2468],[72.85918,19.24686],[72.85906,19.24428],[72.85881,19.24105],[72.85815,19.23747],[72.85754,19.23737],[72.85704,19.23742],[72.85573,19.23774],[72.85412,19.23775],[72.84952,19.23822],[72.84489,19.24174],[72.84397,19.24084],[72.84283,19.24317],[72.84158,19.24451],[72.84414,19.24498],[72.84994,19.24579],[72.85009,19.24669],[72.84994,19.24716],[72.85035,19.24961],[72.85152,19.24924],[72.85246,19.24903],[72.8534,19.24988],[72.85363,19.24986]]]}},{"type":"Feature","properties":{"village":"Ward No 80","taluka":"Mumbai Suburban","district":"Mumbai Suburban","lgd":"0","type":"Ward"},"geometry":{"type":"Polygon","coordinates":[[[72.85286,19.12935],[72.8534,19.12925],[72.85369,19.129],[72.854,19.12888],[72.85419,19.1289],[72.85452,19.12905],[72.85549,19.12904],[72.8555,19.12747],[72.85557,19.12698],[72.8558,19.12639],[72.85633,19.12554],[72.85655,19.12507],[72.85675,19.12456],[72.85682,19.12398],[72.85678,19.12345],[72.8562,19.12105],[72.8556,19.11783],[72.85504,19.11392],[72.85402,19.10926],[72.85314,19.10946],[72.85305,19.10953],[72.85296,19.10976],[72.85286,19.11033],[72.85288,19.11051],[72.8532,19.11149],[72.85328,19.1124],[72.85318,19.11265],[72.85282,19.11313],[72.85279,19.11325],[72.85285,19.11358],[72.85275,19.11371],[72.85104,19.11479],[72.85075,19.11494],[72.85009,19.11511],[72.84933,19.11519],[72.84851,19.11514],[72.84814,19.11517],[72.84696,19.11549],[72.84588,19.11568],[72.8465,19.1209],[72.84665,19.12175],[72.84722,19.1215],[72.84902,19.12036],[72.84909,19.12037],[72.8495,19.12084],[72.85023,19.12151],[72.85077,19.12218],[72.85083,19.12233],[72.85109,19.12367],[72.85141,19.12475],[72.85148,19.12493],[72.85172,19.12509],[72.85187,19.12577],[72.85196,19.12692],[72.85174,19.12736],[72.85168,19.12757],[72.85144,19.12798],[72.85144,19.12814],[72.85149,19.12821],[72.8518,19.12825],[72.85189,19.1283],[72.85216,19.1283],[72.85224,19.1284],[72.8524,19.12892],[72.85242,19.12963],[72.85269,19.12954],[72.85286,19.12935]]]}},{"type":"Feature","properties":{"village":"Ward No 81","taluka":"Mumbai Suburban","district":"Mumbai Suburban","lgd":"0","type":"Ward"},"geometry":{"type":"Polygon","coordinates":[[[72.86844,19.12512],[72.86872,19.12492],[72.86893,19.12462],[72.86939,19.12429],[72.87,19.1239],[72.87123,19.12333],[72.87154,19.12316],[72.87155,19.12309],[72.87071,19.12188],[72.87051,19.11947],[72.87047,19.11924],[72.8703,19.11883],[72.87007,19.11848],[72.8697,19.11819],[72.86871,19.1179],[72.8684,19.11787],[72.86807,19.11448],[72.86795,19.11432],[72.86726,19.11371],[72.86685,19.11208],[72.86772,19.11186],[72.86756,19.11151],[72.86671,19.11087],[72.8655,19.10934],[72.8654,19.10925],[72.86512,19.10914],[72.86472,19.10867],[72.86419,19.1077],[72.86406,19.10702],[72.86345,19.10593],[72.86211,19.10554],[72.86132,19.10587],[72.86067,19.10528],[72.85865,19.10773],[72.85865,19.10783],[72.85895,19.10858],[72.85902,19.10905],[72.85887,19.11021],[72.85871,19.11098],[72.8587,19.11147],[72.85864,19.11167],[72.85845,19.1118],[72.85486,19.11304],[72.8551,19.11422],[72.8556,19.11783],[72.8563,19.12147],[72.85685,19.12156],[72.85747,19.12138],[72.85762,19.12138],[72.85858,19.12154],[72.8589,19.12149],[72.85928,19.12131],[72.85946,19.12131],[72.85959,19.12155],[72.85984,19.12222],[72.86067,19.1232],[72.861,19.12428],[72.86119,19.12572],[72.86125,19.12586],[72.86261,19.12568],[72.86303,19.1257],[72.8638,19.1256],[72.86506,19.12508],[72.86516,19.12508],[72.86572,19.12514],[72.86642,19.12528],[72.86667,19.12548],[72.86687,19.12588],[72.86727,19.12573],[72.86744,19.1255],[72.86844,19.12512]]]}},{"type":"Feature","properties":{"village":"Ward No 82","taluka":"Mumbai Suburban","district":"Mumbai Suburban","lgd":"0","type":"Ward"},"geometry":{"type":"Polygon","coordinates":[[[72.87477,19.10578],[72.87462,19.10534],[72.87473,19.10302],[72.87386,19.10303],[72.86638,19.10274],[72.86577,19.10172],[72.86366,19.10067],[72.86316,19.10144],[72.86238,19.10294],[72.8619,19.10371],[72.86067,19.10528],[72.86132,19.10587],[72.86211,19.10554],[72.86345,19.10593],[72.86406,19.10702],[72.86419,19.1077],[72.86472,19.10867],[72.86512,19.10914],[72.8654,19.10925],[72.8655,19.10934],[72.86671,19.11087],[72.86756,19.11151],[72.86772,19.11186],[72.87164,19.1109],[72.87348,19.11026],[72.87472,19.10976],[72.87627,19.10924],[72.87477,19.10578]]]}},{"type":"Feature","properties":{"village":"Ward No 83","taluka":"Mumbai Suburban","district":"Mumbai Suburban","lgd":"0","type":"Ward"},"geometry":{"type":"Polygon","coordinates":[[[72.85486,19.11304],[72.85845,19.1118],[72.85864,19.11167],[72.8587,19.11147],[72.85871,19.11098],[72.85887,19.11021],[72.85902,19.10905],[72.85895,19.10858],[72.85865,19.10783],[72.85865,19.10773],[72.861,19.10488],[72.8619,19.10371],[72.86238,19.10294],[72.86316,19.10144],[72.86434,19.09963],[72.86361,19.09867],[72.86058,19.10121],[72.85949,19.1001],[72.85932,19.10013],[72.85916,19.1],[72.85874,19.10013],[72.85859,19.10013],[72.85834,19.10003],[72.85808,19.09977],[72.85788,19.09967],[72.85776,19.0997],[72.85715,19.10022],[72.85612,19.10127],[72.85603,19.10129],[72.85594,19.1012],[72.85509,19.09936],[72.85496,19.09905],[72.85495,19.0989],[72.85502,19.0987],[72.85554,19.09833],[72.85619,19.09777],[72.8564,19.09759],[72.85642,19.09749],[72.85591,19.0967],[72.85548,19.09616],[72.85539,19.0956],[72.85464,19.09454],[72.85456,19.09448],[72.85447,19.09448],[72.85306,19.09521],[72.85299,19.0954],[72.85302,19.0957],[72.85327,19.09649],[72.85398,19.0985],[72.85445,19.09972],[72.85484,19.10054],[72.85494,19.10123],[72.85489,19.10166],[72.85493,19.1022],[72.85471,19.10288],[72.85443,19.10351],[72.85432,19.10396],[72.85381,19.10634],[72.85364,19.10741],[72.85365,19.1077],[72.85486,19.11304]]]}},{"type":"Feature","properties":{"village":"Ward No 84","taluka":"Mumbai Suburban","district":"Mumbai Suburban","lgd":"0","type":"Ward"},"geometry":{"type":"Polygon","coordinates":[[[72.84832,19.11515],[72.84933,19.11519],[72.85009,19.11511],[72.85075,19.11494],[72.85104,19.11479],[72.85282,19.11365],[72.85286,19.11353],[72.85279,19.11325],[72.85282,19.11313],[72.85318,19.11265],[72.85328,19.1124],[72.8532,19.11149],[72.85288,19.11051],[72.85286,19.11033],[72.85296,19.10976],[72.85305,19.10953],[72.85314,19.10946],[72.85402,19.10926],[72.85371,19.10806],[72.85364,19.10741],[72.85381,19.10634],[72.85437,19.10375],[72.85389,19.10367],[72.85186,19.10377],[72.8502,19.10357],[72.84857,19.10331],[72.84515,19.10291],[72.84473,19.10274],[72.84424,19.10277],[72.84456,19.10463],[72.84588,19.11568],[72.84696,19.11549],[72.84751,19.11531],[72.84832,19.11515]]]}},{"type":"Feature","properties":{"village":"Ward No 102","taluka":"Mumbai Suburban","district":"Mumbai Suburban","lgd":"0","type":"Ward"},"geometry":{"type":"Polygon","coordinates":[[[72.83769,19.05415],[72.83796,19.05409],[72.83946,19.05426],[72.84063,19.05482],[72.84144,19.05199],[72.84215,19.05034],[72.84189,19.05023],[72.84128,19.04983],[72.84043,19.04904],[72.83942,19.04835],[72.83878,19.04801],[72.83816,19.04805],[72.83809,19.04868],[72.83771,19.04904],[72.83741,19.04918],[72.83671,19.04914],[72.83601,19.04942],[72.83537,19.04935],[72.83385,19.04945],[72.83303,19.0492],[72.83222,19.04854],[72.83128,19.04744],[72.83001,19.04611],[72.82992,19.04531],[72.82977,19.04504],[72.82961,19.04489],[72.82943,19.04478],[72.82855,19.04458],[72.82805,19.04427],[72.82719,19.04391],[72.8264,19.04343],[72.82633,19.04359],[72.82721,19.04539],[72.82726,19.04589],[72.82711,19.0463],[72.82647,19.04686],[72.8263,19.04729],[72.82627,19.04765],[72.82639,19.04823],[72.82656,19.04872],[72.82679,19.04903],[72.82722,19.04945],[72.82756,19.04969],[72.82804,19.04987],[72.82869,19.0502],[72.82877,19.05034],[72.82862,19.05079],[72.82833,19.05121],[72.82812,19.05125],[72.82771,19.05119],[72.82738,19.05132],[72.82726,19.05143],[72.82724,19.05157],[72.82731,19.05187],[72.82758,19.05251],[72.82772,19.05273],[72.82814,19.05292],[72.82871,19.05286],[72.82874,19.05298],[72.82902,19.05303],[72.8294,19.05324],[72.83006,19.0534],[72.83072,19.05377],[72.83081,19.05522],[72.83486,19.05606],[72.83522,19.05602],[72.83551,19.05586],[72.83629,19.05505],[72.83769,19.05415]]]}},{"type":"Feature","properties":{"village":"Ward No 155","taluka":"Mumbai Suburban","district":"Mumbai Suburban","lgd":"0","type":"Ward"},"geometry":{"type":"Polygon","coordinates":[[[72.8843,19.05452],[72.88508,19.05358],[72.88803,19.05379],[72.88804,19.05332],[72.88787,19.05153],[72.88747,19.05073],[72.88704,19.0497],[72.88755,19.04963],[72.88804,19.04963],[72.88869,19.04982],[72.88908,19.05007],[72.89042,19.04838],[72.8907,19.04809],[72.8907,19.04773],[72.88996,19.04736],[72.88823,19.04562],[72.89012,19.0421],[72.89105,19.04021],[72.89173,19.03896],[72.89276,19.03936],[72.89329,19.03931],[72.89425,19.03908],[72.89483,19.03918],[72.89522,19.03626],[72.89651,19.03258],[72.89663,19.03195],[72.89697,19.03076],[72.89697,19.02974],[72.8971,19.02921],[72.89739,19.0285],[72.89754,19.02787],[72.89847,19.01279],[72.8986,19.01001],[72.8987,19.00969],[72.89891,19.00933],[72.89924,19.00907],[72.90142,19.0079],[72.90567,19.00686],[72.90534,19.00417],[72.90506,18.99901],[72.9064,18.9971],[72.90599,18.99672],[72.90549,18.99649],[72.90575,18.99604],[72.90571,18.99599],[72.90555,18.996],[72.90543,18.9958],[72.90539,18.99558],[72.90524,18.99546],[72.90477,18.99539],[72.90442,18.99524],[72.90438,18.99507],[72.9044,18.99453],[72.90457,18.99378],[72.90476,18.99333],[72.90507,18.99303],[72.90508,18.99288],[72.9049,18.99261],[72.90472,18.99252],[72.90449,18.99255],[72.90434,18.99295],[72.90419,18.99361],[72.90412,18.99371],[72.90388,18.9938],[72.90383,18.99389],[72.90381,18.99428],[72.90391,18.99614],[72.90379,18.99682],[72.90328,18.99733],[72.9028,18.99758],[72.90202,18.99758],[72.89575,18.99628],[72.88748,18.99472],[72.88518,18.99412],[72.88522,18.99495],[72.88553,18.99641],[72.8857,18.99853],[72.88565,18.99917],[72.88552,18.99976],[72.88555,19.00073],[72.88547,19.00089],[72.8846,19.00164],[72.88449,19.00185],[72.88435,19.00252],[72.884,19.00245],[72.88367,19.00246],[72.88354,19.00248],[72.88347,19.00257],[72.88367,19.0036],[72.88359,19.00444],[72.88392,19.00619],[72.88397,19.00688],[72.88405,19.00719],[72.88421,19.00869],[72.88448,19.00862],[72.88482,19.0097],[72.88541,19.01102],[72.88572,19.01207],[72.88559,19.0132],[72.88531,19.01432],[72.88523,19.01524],[72.88507,19.01581],[72.88449,19.01631],[72.88353,19.01672],[72.88229,19.01712],[72.88128,19.01783],[72.87962,19.01969],[72.8784,19.02147],[72.87738,19.02483],[72.87766,19.02605],[72.87822,19.02813],[72.87877,19.02978],[72.87916,19.03124],[72.88016,19.03286],[72.88113,19.03474],[72.88148,19.03648],[72.88144,19.0372],[72.88116,19.03862],[72.88061,19.04214],[72.88009,19.04411],[72.87974,19.04678],[72.87923,19.04764],[72.87808,19.04812],[72.87984,19.05094],[72.88038,19.05215],[72.88196,19.05444],[72.88376,19.0564],[72.88489,19.05493],[72.8843,19.05452]]]}},{"type":"Feature","properties":{"village":"Ward No 92","taluka":"Mumbai Suburban","district":"Mumbai Suburban","lgd":"0","type":"Ward"},"geometry":{"type":"Polygon","coordinates":[[[72.87147,19.06547],[72.87059,19.06346],[72.86828,19.05778],[72.86698,19.05657],[72.86678,19.05643],[72.86628,19.05627],[72.86486,19.05622],[72.86519,19.05537],[72.86586,19.05286],[72.86333,19.05271],[72.85445,19.05197],[72.85355,19.05197],[72.85277,19.05158],[72.85227,19.05145],[72.84859,19.05107],[72.84781,19.05204],[72.84823,19.05228],[72.84864,19.05239],[72.84907,19.05235],[72.84979,19.05207],[72.85019,19.05202],[72.85083,19.05226],[72.85195,19.0528],[72.85431,19.05493],[72.85544,19.05613],[72.85649,19.05784],[72.85722,19.05943],[72.85711,19.0599],[72.85692,19.06011],[72.85664,19.06],[72.85551,19.05984],[72.85503,19.05961],[72.85362,19.06217],[72.85238,19.06429],[72.85149,19.06602],[72.85266,19.06661],[72.85221,19.06734],[72.85296,19.06758],[72.8533,19.06766],[72.85354,19.06766],[72.85388,19.06757],[72.85502,19.0667],[72.85534,19.06657],[72.85871,19.06607],[72.86126,19.06574],[72.86163,19.06563],[72.86222,19.06503],[72.86418,19.06618],[72.8714,19.07076],[72.872,19.07094],[72.87285,19.07095],[72.87284,19.07034],[72.8727,19.06951],[72.87147,19.06547]]]}},{"type":"Feature","properties":{"village":"Ward No 104","taluka":"Mumbai Suburban","district":"Mumbai Suburban","lgd":"0","type":"Ward"},"geometry":{"type":"Polygon","coordinates":[[[72.95527,19.18279],[72.95566,19.18268],[72.95583,19.18275],[72.95653,19.18251],[72.95682,19.1821],[72.95704,19.18212],[72.95712,19.18102],[72.95728,19.18096],[72.95751,19.18097],[72.95799,19.18057],[72.95796,19.17968],[72.95835,19.17958],[72.95833,19.17918],[72.95867,19.17916],[72.95903,19.1794],[72.95943,19.17896],[72.95962,19.17902],[72.96018,19.17953],[72.9602,19.17897],[72.96078,19.17846],[72.96068,19.17781],[72.96077,19.17768],[72.96146,19.17706],[72.96213,19.17661],[72.95943,19.17448],[72.95561,19.17061],[72.95466,19.16954],[72.95307,19.16743],[72.9523,19.16628],[72.95185,19.16541],[72.95023,19.16164],[72.94901,19.16218],[72.94736,19.16411],[72.94841,19.16515],[72.95205,19.16851],[72.95091,19.16953],[72.95155,19.17008],[72.95597,19.1746],[72.95322,19.17689],[72.95371,19.17746],[72.95384,19.17791],[72.95394,19.17878],[72.95392,19.18089],[72.95406,19.18153],[72.95527,19.18279]]]}},{"type":"Feature","properties":{"village":"Ward No 105","taluka":"Mumbai Suburban","district":"Mumbai Suburban","lgd":"0","type":"Ward"},"geometry":{"type":"Polygon","coordinates":[[[72.97226,19.16636],[72.9721,19.16429],[72.97217,19.16311],[72.97235,19.16263],[72.97258,19.16221],[72.97297,19.16175],[72.97408,19.16027],[72.97521,19.15893],[72.97565,19.15849],[72.97619,19.15816],[72.97682,19.15792],[72.97789,19.15738],[72.97834,19.15699],[72.9805,19.15582],[72.98113,19.15561],[72.98002,19.15551],[72.97405,19.13698],[72.9756,19.13644],[72.97532,19.13579],[72.96587,19.13916],[72.96349,19.14434],[72.96337,19.1445],[72.96321,19.14461],[72.96298,19.14463],[72.96227,19.14449],[72.9613,19.14438],[72.9609,19.14449],[72.96058,19.14467],[72.9601,19.14498],[72.95995,19.14523],[72.95986,19.14568],[72.95988,19.14589],[72.95998,19.14606],[72.96014,19.14622],[72.96073,19.14653],[72.96099,19.14673],[72.96116,19.147],[72.96121,19.14725],[72.9612,19.14788],[72.96109,19.14852],[72.96096,19.14874],[72.96053,19.14907],[72.95981,19.14946],[72.9593,19.14992],[72.95887,19.15017],[72.95848,19.15031],[72.95794,19.15039],[72.95708,19.15038],[72.95611,19.15054],[72.95529,19.1509],[72.95494,19.15115],[72.95453,19.1516],[72.9565,19.1545],[72.95653,19.15458],[72.95649,19.15466],[72.94822,19.15652],[72.95023,19.16164],[72.95185,19.16541],[72.9523,19.16628],[72.95307,19.16743],[72.95386,19.16713],[72.95486,19.16646],[72.95534,19.16626],[72.95657,19.16694],[72.95874,19.16775],[72.96048,19.16851],[72.96158,19.16789],[72.96234,19.16752],[72.96439,19.16626],[72.96775,19.17108],[72.96836,19.17129],[72.96862,19.17126],[72.96897,19.17101],[72.96915,19.17064],[72.96926,19.17055],[72.96961,19.17049],[72.97002,19.17036],[72.97045,19.17005],[72.97108,19.16909],[72.97187,19.16814],[72.97212,19.16772],[72.97222,19.16715],[72.97226,19.16636]]]}}]}